# validators=8 nodes=bootstrap:40403,v1:41403,v2:42403,v3:43403,v4:44403,v5:45403,v6:46403,v7:47403
# cap=memory.max=4294967296 memory.swap.max=4294967296 (bytes)
# env=none
# container_cmd=[run --host devnet-bootstrap --api-host 0.0.0.0 --data-dir /var/lib/rnode --protocol-port 40400 --discovery-port 40404 --api-port-grpc-external 40401 --api-port-grpc-internal 40402 --api-port-http 40403 --api-port-admin-http 40405 --propose-on-deploy --api-enable-devnet-cors --api-enable-devnet-admin-public --dev-mode --deployer-private-key a68a6e6cca30f81bd24a719f3145d20e8424bd7b396309b0708a16c7d8000b76 --epoch-length 10 -s --bonds-file /genesis/bonds.txt --wallets-file /genesis/wallets.txt --validator-private-key a68a6e6cca30f81bd24a719f3145d20e8424bd7b396309b0708a16c7d8000b76]
# blocks_read=/api/blocks/<depth>, depth=min(50, height) — the node's own max-blocks-limit; a failed read is recorded, never counted as zero blocks
# tree=cf39450458d0e45979841d7167328b7445e6b77c
# image=sha256:d7fd75fb7175a41ee16875cae03f0df5a811aecc7dc351d3d81884f2f449b7ca 2026-10-01T16:14:45.799544934+01:00
# container=6442b315dd4037fad8329a08fd51af5e8d5b467f9edcecfec3a39311205ce2a3
# binary_sha256=fe0ab0ca47befbf296eb1002e615cfdb182f25ffe676b8280952f9f2cd2b4c39
utc	epoch	node	height	finalized	alive
16:26:15	1790871975	bootstrap	1	none	1
16:26:15	1790871975	v1	1	none	1
16:26:15	1790871975	v2	1	none	1
16:26:15	1790871975	v3	1	none	1
16:26:15	1790871975	v4	1	none	1
16:26:15	1790871975	v5	1	none	1
16:26:15	1790871975	v6	1	none	1
16:26:15	1790871975	v7	1	none	1
16:26:16	1790871977	bootstrap	1	none	1
16:26:16	1790871977	v1	1	none	1
16:26:16	1790871977	v2	1	none	1
16:26:16	1790871977	v3	1	none	1
16:26:16	1790871977	v4	1	none	1
16:26:16	1790871977	v5	1	none	1
16:26:16	1790871977	v6	1	none	1
16:26:16	1790871977	v7	1	none	1
16:26:18	1790871978	bootstrap	1	none	1
16:26:18	1790871978	v1	1	none	1
16:26:18	1790871978	v2	1	none	1
16:26:18	1790871978	v3	1	none	1
16:26:18	1790871978	v4	1	none	1
16:26:18	1790871978	v5	1	none	1
16:26:18	1790871978	v6	1	none	1
16:26:18	1790871978	v7	1	none	1
16:26:19	1790871980	bootstrap	1	none	1
16:26:19	1790871980	v1	1	none	1
16:26:19	1790871980	v2	1	none	1
16:26:19	1790871980	v3	1	none	1
16:26:19	1790871980	v4	1	none	1
16:26:19	1790871980	v5	1	none	1
16:26:19	1790871980	v6	1	none	1
16:26:19	1790871980	v7	1	none	1
16:26:21	1790871981	bootstrap	1	none	1
16:26:21	1790871981	v1	1	none	1
16:26:21	1790871981	v2	1	none	1
16:26:21	1790871981	v3	1	none	1
16:26:21	1790871981	v4	1	none	1
16:26:21	1790871981	v5	1	none	1
16:26:21	1790871981	v6	1	none	1
16:26:21	1790871981	v7	1	none	1
16:26:22	1790871983	bootstrap	1	none	1
16:26:22	1790871983	v1	1	none	1
16:26:22	1790871983	v2	1	none	1
16:26:22	1790871983	v3	1	none	1
16:26:22	1790871983	v4	1	none	1
16:26:22	1790871983	v5	1	none	1
16:26:22	1790871983	v6	1	none	1
16:26:22	1790871983	v7	1	none	1
16:26:24	1790871984	bootstrap	1	none	1
16:26:24	1790871984	v1	1	none	1
16:26:24	1790871984	v2	1	none	1
16:26:24	1790871984	v3	1	none	1
16:26:24	1790871984	v4	1	none	1
16:26:24	1790871984	v5	1	none	1
16:26:24	1790871984	v6	1	none	1
16:26:24	1790871984	v7	1	none	1
16:26:25	1790871986	bootstrap	1	none	1
16:26:25	1790871986	v1	1	none	1
16:26:25	1790871986	v2	1	none	1
16:26:25	1790871986	v3	1	none	1
16:26:25	1790871986	v4	1	none	1
16:26:25	1790871986	v5	1	none	1
16:26:25	1790871986	v6	1	none	1
16:26:25	1790871986	v7	1	none	1
16:26:27	1790871987	bootstrap	1	none	1
16:26:27	1790871987	v1	1	none	1
16:26:27	1790871987	v2	1	none	1
16:26:27	1790871987	v3	1	none	1
16:26:27	1790871987	v4	1	none	1
16:26:27	1790871987	v5	1	none	1
16:26:27	1790871987	v6	1	none	1
16:26:27	1790871987	v7	1	none	1
16:26:28	1790871989	bootstrap	1	none	1
16:26:28	1790871989	v1	1	none	1
16:26:28	1790871989	v2	1	none	1
16:26:28	1790871989	v3	1	none	1
16:26:28	1790871989	v4	1	none	1
16:26:28	1790871989	v5	1	none	1
16:26:28	1790871989	v6	1	none	1
16:26:28	1790871989	v7	1	none	1
16:26:30	1790871990	bootstrap	1	none	1
16:26:30	1790871990	v1	1	none	1
16:26:30	1790871990	v2	1	none	1
16:26:30	1790871990	v3	1	none	1
16:26:30	1790871990	v4	1	none	1
16:26:30	1790871990	v5	1	none	1
16:26:30	1790871990	v6	1	none	1
16:26:30	1790871990	v7	1	none	1
16:26:31	1790871992	bootstrap	1	none	1
16:26:31	1790871992	v1	1	none	1
16:26:31	1790871992	v2	1	none	1
16:26:31	1790871992	v3	1	none	1
16:26:31	1790871992	v4	1	none	1
16:26:31	1790871992	v5	1	none	1
16:26:31	1790871992	v6	1	none	1
16:26:31	1790871992	v7	1	none	1
16:26:33	1790871993	bootstrap	1	none	1
16:26:33	1790871993	v1	1	none	1
16:26:33	1790871993	v2	1	none	1
16:26:33	1790871993	v3	1	none	1
16:26:33	1790871993	v4	1	none	1
16:26:33	1790871993	v5	1	none	1
16:26:33	1790871993	v6	1	none	1
16:26:33	1790871993	v7	1	none	1
16:26:34	1790871995	bootstrap	1	none	1
16:26:34	1790871995	v1	1	none	1
16:26:34	1790871995	v2	1	none	1
16:26:34	1790871995	v3	1	none	1
16:26:34	1790871995	v4	1	none	1
16:26:34	1790871995	v5	1	none	1
16:26:34	1790871995	v6	1	none	1
16:26:34	1790871995	v7	1	none	1
16:26:35	1790871996	bootstrap	1	none	1
16:26:35	1790871996	v1	1	none	1
16:26:35	1790871996	v2	1	none	1
16:26:35	1790871996	v3	1	none	1
16:26:35	1790871996	v4	1	none	1
16:26:35	1790871996	v5	1	none	1
16:26:35	1790871996	v6	1	none	1
16:26:35	1790871996	v7	1	none	1
16:26:37	1790871997	bootstrap	1	none	1
16:26:37	1790871997	v1	1	none	1
16:26:37	1790871997	v2	1	none	1
16:26:37	1790871997	v3	1	none	1
16:26:37	1790871997	v4	1	none	1
16:26:37	1790871997	v5	1	none	1
16:26:37	1790871997	v6	1	none	1
16:26:37	1790871997	v7	1	none	1
16:26:38	1790871999	bootstrap	1	none	1
16:26:38	1790871999	v1	1	none	1
16:26:38	1790871999	v2	1	none	1
16:26:38	1790871999	v3	1	none	1
16:26:38	1790871999	v4	1	none	1
16:26:38	1790871999	v5	1	none	1
16:26:38	1790871999	v6	1	none	1
16:26:38	1790871999	v7	1	none	1
16:26:40	1790872000	bootstrap	1	none	1
16:26:40	1790872000	v1	1	none	1
16:26:40	1790872000	v2	1	none	1
16:26:40	1790872000	v3	1	none	1
16:26:40	1790872000	v4	1	none	1
16:26:40	1790872000	v5	1	none	1
16:26:40	1790872000	v6	1	none	1
16:26:40	1790872000	v7	1	none	1
16:26:41	1790872002	bootstrap	1	none	1
16:26:41	1790872002	v1	1	none	1
16:26:41	1790872002	v2	1	none	1
16:26:41	1790872002	v3	1	none	1
16:26:41	1790872002	v4	1	none	1
16:26:41	1790872002	v5	1	none	1
16:26:41	1790872002	v6	1	none	1
16:26:41	1790872002	v7	1	none	1
16:26:43	1790872003	bootstrap	1	none	1
16:26:43	1790872003	v1	1	none	1
16:26:43	1790872003	v2	1	none	1
16:26:43	1790872003	v3	1	none	1
16:26:43	1790872003	v4	1	none	1
16:26:43	1790872003	v5	1	none	1
16:26:43	1790872003	v6	1	none	1
16:26:43	1790872003	v7	1	none	1
16:26:44	1790872005	bootstrap	1	none	1
16:26:44	1790872005	v1	1	none	1
16:26:44	1790872005	v2	1	none	1
16:26:44	1790872005	v3	1	none	1
16:26:44	1790872005	v4	1	none	1
16:26:44	1790872005	v5	1	none	1
16:26:44	1790872005	v6	1	none	1
16:26:44	1790872005	v7	1	none	1
16:26:46	1790872006	bootstrap	1	none	1
16:26:46	1790872006	v1	1	none	1
16:26:46	1790872006	v2	1	none	1
16:26:46	1790872006	v3	1	none	1
16:26:46	1790872006	v4	1	none	1
16:26:46	1790872006	v5	1	none	1
16:26:46	1790872006	v6	1	none	1
16:26:46	1790872006	v7	1	none	1
16:26:47	1790872008	bootstrap	1	none	1
16:26:47	1790872008	v1	1	none	1
16:26:47	1790872008	v2	1	none	1
16:26:47	1790872008	v3	1	none	1
16:26:47	1790872008	v4	1	none	1
16:26:47	1790872008	v5	1	none	1
16:26:47	1790872008	v6	1	none	1
16:26:47	1790872008	v7	1	none	1
16:26:49	1790872009	bootstrap	1	none	1
16:26:49	1790872009	v1	1	none	1
16:26:49	1790872009	v2	1	none	1
16:26:49	1790872009	v3	1	none	1
16:26:49	1790872009	v4	1	none	1
16:26:49	1790872009	v5	1	none	1
16:26:49	1790872009	v6	1	none	1
16:26:49	1790872009	v7	1	none	1
16:26:50	1790872011	bootstrap	1	none	1
16:26:50	1790872011	v1	1	none	1
16:26:50	1790872011	v2	1	none	1
16:26:50	1790872011	v3	1	none	1
16:26:50	1790872011	v4	1	none	1
16:26:50	1790872011	v5	1	none	1
16:26:50	1790872011	v6	1	none	1
16:26:50	1790872011	v7	1	none	1
16:26:52	1790872012	bootstrap	1	none	1
16:26:52	1790872012	v1	1	none	1
16:26:52	1790872012	v2	1	none	1
16:26:52	1790872012	v3	1	none	1
16:26:52	1790872012	v4	1	none	1
16:26:52	1790872012	v5	1	none	1
16:26:52	1790872012	v6	1	none	1
16:26:52	1790872012	v7	1	none	1
16:26:53	1790872014	bootstrap	1	none	1
16:26:53	1790872014	v1	1	none	1
16:26:53	1790872014	v2	1	none	1
16:26:53	1790872014	v3	1	none	1
16:26:53	1790872014	v4	1	none	1
16:26:53	1790872014	v5	1	none	1
16:26:53	1790872014	v6	1	none	1
16:26:53	1790872014	v7	1	none	1
16:26:55	1790872015	bootstrap	1	none	1
16:26:55	1790872015	v1	1	none	1
16:26:55	1790872015	v2	1	none	1
16:26:55	1790872015	v3	1	none	1
16:26:55	1790872015	v4	1	none	1
16:26:55	1790872015	v5	1	none	1
16:26:55	1790872015	v6	1	none	1
16:26:55	1790872015	v7	1	none	1
16:26:56	1790872017	bootstrap	1	none	1
16:26:56	1790872017	v1	1	none	1
16:26:56	1790872017	v2	1	none	1
16:26:56	1790872017	v3	1	none	1
16:26:56	1790872017	v4	1	none	1
16:26:56	1790872017	v5	1	none	1
16:26:56	1790872017	v6	1	none	1
16:26:56	1790872017	v7	1	none	1
16:26:58	1790872018	bootstrap	1	none	1
16:26:58	1790872018	v1	1	none	1
16:26:58	1790872018	v2	1	none	1
16:26:58	1790872018	v3	1	none	1
16:26:58	1790872018	v4	1	none	1
16:26:58	1790872018	v5	1	none	1
16:26:58	1790872018	v6	1	none	1
16:26:58	1790872018	v7	1	none	1
16:26:59	1790872020	bootstrap	1	none	1
16:26:59	1790872020	v1	1	none	1
16:26:59	1790872020	v2	1	none	1
16:26:59	1790872020	v3	1	none	1
16:26:59	1790872020	v4	1	none	1
16:26:59	1790872020	v5	1	none	1
16:26:59	1790872020	v6	1	none	1
16:26:59	1790872020	v7	1	none	1
16:27:00	1790872021	bootstrap	1	none	1
16:27:00	1790872021	v1	1	none	1
16:27:00	1790872021	v2	1	none	1
16:27:00	1790872021	v3	1	none	1
16:27:00	1790872021	v4	1	none	1
16:27:00	1790872021	v5	1	none	1
16:27:00	1790872021	v6	1	none	1
16:27:00	1790872021	v7	1	none	1
16:27:02	1790872022	bootstrap	1	none	1
16:27:02	1790872022	v1	1	none	1
16:27:02	1790872022	v2	1	none	1
16:27:02	1790872022	v3	1	none	1
16:27:02	1790872022	v4	1	none	1
16:27:02	1790872022	v5	1	none	1
16:27:02	1790872022	v6	1	none	1
16:27:02	1790872022	v7	1	none	1
16:27:03	1790872024	bootstrap	1	none	1
16:27:03	1790872024	v1	1	none	1
16:27:03	1790872024	v2	1	none	1
16:27:03	1790872024	v3	1	none	1
16:27:03	1790872024	v4	1	none	1
16:27:03	1790872024	v5	1	none	1
16:27:03	1790872024	v6	1	none	1
16:27:03	1790872024	v7	1	none	1
16:27:05	1790872025	bootstrap	1	none	1
16:27:05	1790872025	v1	1	none	1
16:27:05	1790872025	v2	1	none	1
16:27:05	1790872025	v3	1	none	1
16:27:05	1790872025	v4	1	none	1
16:27:05	1790872025	v5	1	none	1
16:27:05	1790872025	v6	1	none	1
16:27:05	1790872025	v7	1	none	1
16:27:06	1790872027	bootstrap	1	none	1
16:27:06	1790872027	v1	1	none	1
16:27:06	1790872027	v2	1	none	1
16:27:06	1790872027	v3	1	none	1
16:27:06	1790872027	v4	1	none	1
16:27:06	1790872027	v5	1	none	1
16:27:06	1790872027	v6	1	none	1
16:27:06	1790872027	v7	1	none	1
16:27:08	1790872028	bootstrap	1	none	1
16:27:08	1790872028	v1	1	none	1
16:27:08	1790872028	v2	1	none	1
16:27:08	1790872028	v3	1	none	1
16:27:08	1790872028	v4	1	none	1
16:27:08	1790872028	v5	1	none	1
16:27:08	1790872028	v6	1	none	1
16:27:08	1790872028	v7	1	none	1
16:27:09	1790872030	bootstrap	1	none	1
16:27:09	1790872030	v1	1	none	1
16:27:09	1790872030	v2	1	none	1
16:27:09	1790872030	v3	1	none	1
16:27:09	1790872030	v4	1	none	1
16:27:09	1790872030	v5	1	none	1
16:27:09	1790872030	v6	1	none	1
16:27:09	1790872030	v7	1	none	1
16:27:11	1790872031	bootstrap	1	none	1
16:27:11	1790872031	v1	1	none	1
16:27:11	1790872031	v2	1	none	1
16:27:11	1790872031	v3	1	none	1
16:27:11	1790872031	v4	1	none	1
16:27:11	1790872031	v5	1	none	1
16:27:11	1790872031	v6	1	none	1
16:27:11	1790872031	v7	1	none	1
16:27:12	1790872033	bootstrap	1	none	1
16:27:12	1790872033	v1	1	none	1
16:27:12	1790872033	v2	1	none	1
16:27:12	1790872033	v3	1	none	1
16:27:12	1790872033	v4	1	none	1
16:27:12	1790872033	v5	1	none	1
16:27:12	1790872033	v6	1	none	1
16:27:12	1790872033	v7	1	none	1
16:27:14	1790872034	bootstrap	1	none	1
16:27:14	1790872034	v1	1	none	1
16:27:14	1790872034	v2	1	none	1
16:27:14	1790872034	v3	1	none	1
16:27:14	1790872034	v4	1	none	1
16:27:14	1790872034	v5	1	none	1
16:27:14	1790872034	v6	1	none	1
16:27:14	1790872034	v7	1	none	1
16:27:15	1790872036	bootstrap	1	none	1
16:27:15	1790872036	v1	1	none	1
16:27:15	1790872036	v2	1	none	1
16:27:15	1790872036	v3	1	none	1
16:27:15	1790872036	v4	1	none	1
16:27:15	1790872036	v5	1	none	1
16:27:15	1790872036	v6	1	none	1
16:27:15	1790872036	v7	1	none	1
16:27:17	1790872037	bootstrap	1	none	1
16:27:17	1790872037	v1	1	none	1
16:27:17	1790872037	v2	1	none	1
16:27:17	1790872037	v3	1	none	1
16:27:17	1790872037	v4	1	none	1
16:27:17	1790872037	v5	1	none	1
16:27:17	1790872037	v6	1	none	1
16:27:17	1790872037	v7	1	none	1
16:27:18	1790872039	bootstrap	1	none	1
16:27:18	1790872039	v1	1	none	1
16:27:18	1790872039	v2	1	none	1
16:27:18	1790872039	v3	1	none	1
16:27:18	1790872039	v4	1	none	1
16:27:18	1790872039	v5	1	none	1
16:27:18	1790872039	v6	1	none	1
16:27:18	1790872039	v7	1	none	1
16:27:20	1790872040	bootstrap	1	none	1
16:27:20	1790872040	v1	1	none	1
16:27:20	1790872040	v2	1	none	1
16:27:20	1790872040	v3	1	none	1
16:27:20	1790872040	v4	1	none	1
16:27:20	1790872040	v5	1	none	1
16:27:20	1790872040	v6	1	none	1
16:27:20	1790872040	v7	1	none	1
16:27:21	1790872042	bootstrap	1	none	1
16:27:21	1790872042	v1	1	none	1
16:27:21	1790872042	v2	1	none	1
16:27:21	1790872042	v3	1	none	1
16:27:21	1790872042	v4	1	none	1
16:27:21	1790872042	v5	1	none	1
16:27:21	1790872042	v6	1	none	1
16:27:21	1790872042	v7	1	none	1
16:27:23	1790872043	bootstrap	1	none	1
16:27:23	1790872043	v1	1	none	1
16:27:23	1790872043	v2	1	none	1
16:27:23	1790872043	v3	1	none	1
16:27:23	1790872043	v4	1	none	1
16:27:23	1790872043	v5	1	none	1
16:27:23	1790872043	v6	1	none	1
16:27:23	1790872043	v7	1	none	1
16:27:24	1790872045	bootstrap	1	none	1
16:27:24	1790872045	v1	1	none	1
16:27:24	1790872045	v2	1	none	1
16:27:24	1790872045	v3	1	none	1
16:27:24	1790872045	v4	1	none	1
16:27:24	1790872045	v5	1	none	1
16:27:24	1790872045	v6	1	none	1
16:27:24	1790872045	v7	1	none	1
16:27:26	1790872046	bootstrap	1	none	1
16:27:26	1790872046	v1	1	none	1
16:27:26	1790872046	v2	1	none	1
16:27:26	1790872046	v3	1	none	1
16:27:26	1790872046	v4	1	none	1
16:27:26	1790872046	v5	1	none	1
16:27:26	1790872046	v6	1	none	1
16:27:26	1790872046	v7	1	none	1
16:27:27	1790872048	bootstrap	1	none	1
16:27:27	1790872048	v1	1	none	1
16:27:27	1790872048	v2	1	none	1
16:27:27	1790872048	v3	1	none	1
16:27:27	1790872048	v4	1	none	1
16:27:27	1790872048	v5	1	none	1
16:27:27	1790872048	v6	1	none	1
16:27:27	1790872048	v7	1	none	1
16:27:28	1790872049	bootstrap	1	none	1
16:27:28	1790872049	v1	1	none	1
16:27:28	1790872049	v2	1	none	1
16:27:28	1790872049	v3	1	none	1
16:27:28	1790872049	v4	1	none	1
16:27:28	1790872049	v5	1	none	1
16:27:28	1790872049	v6	1	none	1
16:27:28	1790872049	v7	1	none	1
16:27:30	1790872050	bootstrap	1	none	1
16:27:30	1790872050	v1	1	none	1
16:27:30	1790872050	v2	1	none	1
16:27:30	1790872050	v3	1	none	1
16:27:30	1790872050	v4	1	none	1
16:27:30	1790872050	v5	1	none	1
16:27:30	1790872050	v6	1	none	1
16:27:30	1790872050	v7	1	none	1
16:27:31	1790872052	bootstrap	1	none	1
16:27:31	1790872052	v1	1	none	1
16:27:31	1790872052	v2	1	none	1
16:27:31	1790872052	v3	1	none	1
16:27:31	1790872052	v4	1	none	1
16:27:31	1790872052	v5	1	none	1
16:27:31	1790872052	v6	1	none	1
16:27:31	1790872052	v7	1	none	1
16:27:33	1790872053	bootstrap	1	none	1
16:27:33	1790872053	v1	1	none	1
16:27:33	1790872053	v2	1	none	1
16:27:33	1790872053	v3	1	none	1
16:27:33	1790872053	v4	1	none	1
16:27:33	1790872053	v5	1	none	1
16:27:33	1790872053	v6	1	none	1
16:27:33	1790872053	v7	1	none	1
16:27:34	1790872055	bootstrap	1	none	1
16:27:34	1790872055	v1	1	none	1
16:27:34	1790872055	v2	1	none	1
16:27:34	1790872055	v3	1	none	1
16:27:34	1790872055	v4	1	none	1
16:27:34	1790872055	v5	1	none	1
16:27:34	1790872055	v6	1	none	1
16:27:34	1790872055	v7	1	none	1
16:27:36	1790872056	bootstrap	1	none	1
16:27:36	1790872056	v1	1	none	1
16:27:36	1790872056	v2	1	none	1
16:27:36	1790872056	v3	1	none	1
16:27:36	1790872056	v4	1	none	1
16:27:36	1790872056	v5	1	none	1
16:27:36	1790872056	v6	1	none	1
16:27:36	1790872056	v7	1	none	1
16:27:37	1790872058	bootstrap	1	none	1
16:27:37	1790872058	v1	1	none	1
16:27:37	1790872058	v2	1	none	1
16:27:37	1790872058	v3	1	none	1
16:27:37	1790872058	v4	1	none	1
16:27:37	1790872058	v5	1	none	1
16:27:37	1790872058	v6	1	none	1
16:27:37	1790872058	v7	1	none	1
16:27:39	1790872059	bootstrap	1	none	1
16:27:39	1790872059	v1	1	none	1
16:27:39	1790872059	v2	1	none	1
16:27:39	1790872059	v3	1	none	1
16:27:39	1790872059	v4	1	none	1
16:27:39	1790872059	v5	1	none	1
16:27:39	1790872059	v6	1	none	1
16:27:39	1790872059	v7	1	none	1
16:27:40	1790872061	bootstrap	1	none	1
16:27:40	1790872061	v1	1	none	1
16:27:40	1790872061	v2	1	none	1
16:27:40	1790872061	v3	1	none	1
16:27:40	1790872061	v4	1	none	1
16:27:40	1790872061	v5	1	none	1
16:27:40	1790872061	v6	1	none	1
16:27:40	1790872061	v7	1	none	1
16:27:42	1790872062	bootstrap	1	none	1
16:27:42	1790872062	v1	1	none	1
16:27:42	1790872062	v2	1	none	1
16:27:42	1790872062	v3	1	none	1
16:27:42	1790872062	v4	1	none	1
16:27:42	1790872062	v5	1	none	1
16:27:42	1790872062	v6	1	none	1
16:27:42	1790872062	v7	1	none	1
16:27:43	1790872064	bootstrap	1	none	1
16:27:43	1790872064	v1	1	none	1
16:27:43	1790872064	v2	1	none	1
16:27:43	1790872064	v3	1	none	1
16:27:43	1790872064	v4	1	none	1
16:27:43	1790872064	v5	1	none	1
16:27:43	1790872064	v6	1	none	1
16:27:43	1790872064	v7	1	none	1
16:27:45	1790872065	bootstrap	1	none	1
16:27:45	1790872065	v1	1	none	1
16:27:45	1790872065	v2	1	none	1
16:27:45	1790872065	v3	1	none	1
16:27:45	1790872065	v4	1	none	1
16:27:45	1790872065	v5	1	none	1
16:27:45	1790872065	v6	1	none	1
16:27:45	1790872065	v7	1	none	1
16:27:46	1790872066	bootstrap	1	none	1
16:27:46	1790872066	v1	1	none	1
16:27:46	1790872066	v2	1	none	1
16:27:46	1790872066	v3	1	none	1
16:27:46	1790872066	v4	1	none	1
16:27:46	1790872066	v5	1	none	1
16:27:46	1790872066	v6	1	none	1
16:27:46	1790872066	v7	1	none	1
16:27:47	1790872068	bootstrap	1	none	1
16:27:47	1790872068	v1	1	none	1
16:27:47	1790872068	v2	1	none	1
16:27:47	1790872068	v3	1	none	1
16:27:47	1790872068	v4	1	none	1
16:27:47	1790872068	v5	1	none	1
16:27:47	1790872068	v6	1	none	1
16:27:47	1790872068	v7	1	none	1
16:27:49	1790872069	bootstrap	1	none	1
16:27:49	1790872069	v1	1	none	1
16:27:49	1790872069	v2	1	none	1
16:27:49	1790872069	v3	1	none	1
16:27:49	1790872069	v4	1	none	1
16:27:49	1790872069	v5	1	none	1
16:27:49	1790872069	v6	1	none	1
16:27:49	1790872069	v7	1	none	1
16:27:50	1790872071	bootstrap	1	none	1
16:27:50	1790872071	v1	1	none	1
16:27:50	1790872071	v2	1	none	1
16:27:50	1790872071	v3	1	none	1
16:27:50	1790872071	v4	1	none	1
16:27:50	1790872071	v5	1	none	1
16:27:50	1790872071	v6	1	none	1
16:27:50	1790872071	v7	1	none	1
16:27:52	1790872072	bootstrap	1	none	1
16:27:52	1790872072	v1	1	none	1
16:27:52	1790872072	v2	1	none	1
16:27:52	1790872072	v3	1	none	1
16:27:52	1790872072	v4	1	none	1
16:27:52	1790872072	v5	1	none	1
16:27:52	1790872072	v6	1	none	1
16:27:52	1790872072	v7	1	none	1
16:27:53	1790872074	bootstrap	1	none	1
16:27:53	1790872074	v1	1	none	1
16:27:53	1790872074	v2	1	none	1
16:27:53	1790872074	v3	1	none	1
16:27:53	1790872074	v4	1	none	1
16:27:53	1790872074	v5	1	none	1
16:27:53	1790872074	v6	1	none	1
16:27:53	1790872074	v7	1	none	1
16:27:55	1790872075	bootstrap	1	none	1
16:27:55	1790872075	v1	1	none	1
16:27:55	1790872075	v2	1	none	1
16:27:55	1790872075	v3	1	none	1
16:27:55	1790872075	v4	1	none	1
16:27:55	1790872075	v5	1	none	1
16:27:55	1790872075	v6	1	none	1
16:27:55	1790872075	v7	1	none	1
16:27:56	1790872077	bootstrap	1	none	1
16:27:56	1790872077	v1	1	none	1
16:27:56	1790872077	v2	1	none	1
16:27:56	1790872077	v3	1	none	1
16:27:56	1790872077	v4	1	none	1
16:27:56	1790872077	v5	1	none	1
16:27:56	1790872077	v6	1	none	1
16:27:56	1790872077	v7	1	none	1
16:27:58	1790872078	bootstrap	1	none	1
16:27:58	1790872078	v1	1	none	1
16:27:58	1790872078	v2	1	none	1
16:27:58	1790872078	v3	1	none	1
16:27:58	1790872078	v4	1	none	1
16:27:58	1790872078	v5	1	none	1
16:27:58	1790872078	v6	1	none	1
16:27:58	1790872078	v7	1	none	1
16:27:59	1790872080	bootstrap	1	none	1
16:27:59	1790872080	v1	1	none	1
16:27:59	1790872080	v2	1	none	1
16:27:59	1790872080	v3	1	none	1
16:27:59	1790872080	v4	1	none	1
16:27:59	1790872080	v5	1	none	1
16:27:59	1790872080	v6	1	none	1
16:27:59	1790872080	v7	1	none	1
16:28:01	1790872081	bootstrap	1	none	1
16:28:01	1790872081	v1	1	none	1
16:28:01	1790872081	v2	1	none	1
16:28:01	1790872081	v3	1	none	1
16:28:01	1790872081	v4	1	none	1
16:28:01	1790872081	v5	1	none	1
16:28:01	1790872081	v6	1	none	1
16:28:01	1790872081	v7	1	none	1
16:28:02	1790872083	bootstrap	1	none	1
16:28:02	1790872083	v1	1	none	1
16:28:02	1790872083	v2	1	none	1
16:28:02	1790872083	v3	1	none	1
16:28:02	1790872083	v4	1	none	1
16:28:02	1790872083	v5	1	none	1
16:28:02	1790872083	v6	1	none	1
16:28:02	1790872083	v7	1	none	1
16:28:04	1790872084	bootstrap	1	none	1
16:28:04	1790872084	v1	1	none	1
16:28:04	1790872084	v2	1	none	1
16:28:04	1790872084	v3	1	none	1
16:28:04	1790872084	v4	1	none	1
16:28:04	1790872084	v5	1	none	1
16:28:04	1790872084	v6	1	none	1
16:28:04	1790872084	v7	1	none	1
16:28:05	1790872086	bootstrap	1	none	1
16:28:05	1790872086	v1	1	none	1
16:28:05	1790872086	v2	1	none	1
16:28:05	1790872086	v3	1	none	1
16:28:05	1790872086	v4	1	none	1
16:28:05	1790872086	v5	1	none	1
16:28:05	1790872086	v6	1	none	1
16:28:05	1790872086	v7	1	none	1
16:28:07	1790872087	bootstrap	1	none	1
16:28:07	1790872087	v1	1	none	1
16:28:07	1790872087	v2	1	none	1
16:28:07	1790872087	v3	1	none	1
16:28:07	1790872087	v4	1	none	1
16:28:07	1790872087	v5	1	none	1
16:28:07	1790872087	v6	1	none	1
16:28:07	1790872087	v7	1	none	1
16:28:08	1790872089	bootstrap	1	none	1
16:28:08	1790872089	v1	1	none	1
16:28:08	1790872089	v2	1	none	1
16:28:08	1790872089	v3	1	none	1
16:28:08	1790872089	v4	1	none	1
16:28:08	1790872089	v5	1	none	1
16:28:08	1790872089	v6	1	none	1
16:28:08	1790872089	v7	1	none	1
16:28:09	1790872090	bootstrap	1	none	1
16:28:09	1790872090	v1	1	none	1
16:28:09	1790872090	v2	1	none	1
16:28:09	1790872090	v3	1	none	1
16:28:09	1790872090	v4	1	none	1
16:28:09	1790872090	v5	1	none	1
16:28:09	1790872090	v6	1	none	1
16:28:09	1790872090	v7	1	none	1
16:28:11	1790872091	bootstrap	1	none	1
16:28:11	1790872091	v1	1	none	1
16:28:11	1790872091	v2	1	none	1
16:28:11	1790872091	v3	1	none	1
16:28:11	1790872091	v4	1	none	1
16:28:11	1790872091	v5	1	none	1
16:28:11	1790872091	v6	1	none	1
16:28:11	1790872091	v7	1	none	1
16:28:12	1790872093	bootstrap	1	none	1
16:28:12	1790872093	v1	1	none	1
16:28:12	1790872093	v2	1	none	1
16:28:12	1790872093	v3	1	none	1
16:28:12	1790872093	v4	1	none	1
16:28:12	1790872093	v5	1	none	1
16:28:12	1790872093	v6	1	none	1
16:28:12	1790872093	v7	1	none	1
16:28:14	1790872094	bootstrap	1	none	1
16:28:14	1790872094	v1	1	none	1
16:28:14	1790872094	v2	1	none	1
16:28:14	1790872094	v3	1	none	1
16:28:14	1790872094	v4	1	none	1
16:28:14	1790872094	v5	1	none	1
16:28:14	1790872094	v6	1	none	1
16:28:14	1790872094	v7	1	none	1
16:28:15	1790872096	bootstrap	2	none	1
16:28:15	1790872096	v1	2	none	1
16:28:15	1790872096	v2	2	none	1
16:28:15	1790872096	v3	2	none	1
16:28:15	1790872096	v4	2	none	1
16:28:15	1790872096	v5	2	none	1
16:28:15	1790872096	v6	2	none	1
16:28:15	1790872096	v7	2	none	1
16:28:17	1790872097	bootstrap	2	none	1
16:28:17	1790872097	v1	2	none	1
16:28:17	1790872097	v2	2	none	1
16:28:17	1790872097	v3	2	none	1
16:28:17	1790872097	v4	2	none	1
16:28:17	1790872097	v5	2	none	1
16:28:17	1790872097	v6	2	none	1
16:28:17	1790872097	v7	2	none	1
16:28:18	1790872099	bootstrap	2	none	1
16:28:18	1790872099	v1	2	none	1
16:28:18	1790872099	v2	2	none	1
16:28:18	1790872099	v3	2	none	1
16:28:18	1790872099	v4	2	none	1
16:28:18	1790872099	v5	2	none	1
16:28:18	1790872099	v6	2	none	1
16:28:18	1790872099	v7	2	none	1
16:28:20	1790872100	bootstrap	2	none	1
16:28:20	1790872100	v1	2	none	1
16:28:20	1790872100	v2	2	none	1
16:28:20	1790872100	v3	2	none	1
16:28:20	1790872100	v4	2	none	1
16:28:20	1790872100	v5	2	none	1
16:28:20	1790872100	v6	2	none	1
16:28:20	1790872100	v7	2	none	1
16:28:21	1790872102	bootstrap	2	none	1
16:28:21	1790872102	v1	2	none	1
16:28:21	1790872102	v2	2	none	1
16:28:21	1790872102	v3	2	none	1
16:28:21	1790872102	v4	2	none	1
16:28:21	1790872102	v5	2	none	1
16:28:21	1790872102	v6	2	none	1
16:28:21	1790872102	v7	2	none	1
16:28:23	1790872103	bootstrap	2	none	1
16:28:23	1790872103	v1	2	none	1
16:28:23	1790872103	v2	2	none	1
16:28:23	1790872103	v3	2	none	1
16:28:23	1790872103	v4	2	none	1
16:28:23	1790872103	v5	2	none	1
16:28:23	1790872103	v6	2	none	1
16:28:23	1790872103	v7	2	none	1
16:28:24	1790872105	bootstrap	2	none	1
16:28:24	1790872105	v1	2	none	1
16:28:24	1790872105	v2	2	none	1
16:28:24	1790872105	v3	2	none	1
16:28:24	1790872105	v4	2	none	1
16:28:24	1790872105	v5	2	none	1
16:28:24	1790872105	v6	2	none	1
16:28:24	1790872105	v7	2	none	1
16:28:26	1790872106	bootstrap	2	none	1
16:28:26	1790872106	v1	2	none	1
16:28:26	1790872106	v2	2	none	1
16:28:26	1790872106	v3	2	none	1
16:28:26	1790872106	v4	2	none	1
16:28:26	1790872106	v5	2	none	1
16:28:26	1790872106	v6	2	none	1
16:28:26	1790872106	v7	2	none	1
16:28:27	1790872108	bootstrap	2	none	1
16:28:27	1790872108	v1	2	none	1
16:28:27	1790872108	v2	2	none	1
16:28:27	1790872108	v3	2	none	1
16:28:27	1790872108	v4	2	none	1
16:28:27	1790872108	v5	2	none	1
16:28:27	1790872108	v6	2	none	1
16:28:27	1790872108	v7	2	none	1
16:28:29	1790872109	bootstrap	2	none	1
16:28:29	1790872109	v1	2	none	1
16:28:29	1790872109	v2	2	none	1
16:28:29	1790872109	v3	2	none	1
16:28:29	1790872109	v4	2	none	1
16:28:29	1790872109	v5	2	none	1
16:28:29	1790872109	v6	2	none	1
16:28:29	1790872109	v7	2	none	1
16:28:30	1790872111	bootstrap	2	none	1
16:28:30	1790872111	v1	2	none	1
16:28:30	1790872111	v2	2	none	1
16:28:30	1790872111	v3	2	none	1
16:28:30	1790872111	v4	2	none	1
16:28:30	1790872111	v5	2	none	1
16:28:30	1790872111	v6	2	none	1
16:28:30	1790872111	v7	2	none	1
16:28:32	1790872112	bootstrap	2	none	1
16:28:32	1790872112	v1	2	none	1
16:28:32	1790872112	v2	2	none	1
16:28:32	1790872112	v3	2	none	1
16:28:32	1790872112	v4	2	none	1
16:28:32	1790872112	v5	2	none	1
16:28:32	1790872112	v6	2	none	1
16:28:32	1790872112	v7	2	none	1
16:28:33	1790872113	bootstrap	2	none	1
16:28:33	1790872113	v1	2	none	1
16:28:33	1790872113	v2	2	none	1
16:28:33	1790872113	v3	2	none	1
16:28:33	1790872113	v4	2	none	1
16:28:33	1790872113	v5	2	none	1
16:28:33	1790872113	v6	2	none	1
16:28:33	1790872113	v7	2	none	1
16:28:34	1790872115	bootstrap	2	none	1
16:28:34	1790872115	v1	2	none	1
16:28:34	1790872115	v2	2	none	1
16:28:34	1790872115	v3	2	none	1
16:28:34	1790872115	v4	2	none	1
16:28:34	1790872115	v5	2	none	1
16:28:34	1790872115	v6	2	none	1
16:28:34	1790872115	v7	2	none	1
16:28:36	1790872116	bootstrap	2	none	1
16:28:36	1790872116	v1	2	none	1
16:28:36	1790872116	v2	2	none	1
16:28:36	1790872116	v3	2	none	1
16:28:36	1790872116	v4	2	none	1
16:28:36	1790872116	v5	2	none	1
16:28:36	1790872116	v6	2	none	1
16:28:36	1790872116	v7	2	none	1
16:28:37	1790872118	bootstrap	2	none	1
16:28:37	1790872118	v1	2	none	1
16:28:37	1790872118	v2	2	none	1
16:28:37	1790872118	v3	2	none	1
16:28:37	1790872118	v4	2	none	1
16:28:37	1790872118	v5	2	none	1
16:28:37	1790872118	v6	2	none	1
16:28:37	1790872118	v7	2	none	1
16:28:39	1790872119	bootstrap	2	none	1
16:28:39	1790872119	v1	2	none	1
16:28:39	1790872119	v2	2	none	1
16:28:39	1790872119	v3	2	none	1
16:28:39	1790872119	v4	2	none	1
16:28:39	1790872119	v5	2	none	1
16:28:39	1790872119	v6	2	none	1
16:28:39	1790872119	v7	2	none	1
16:28:40	1790872121	bootstrap	2	none	1
16:28:40	1790872121	v1	2	none	1
16:28:40	1790872121	v2	2	none	1
16:28:40	1790872121	v3	2	none	1
16:28:40	1790872121	v4	2	none	1
16:28:40	1790872121	v5	2	none	1
16:28:40	1790872121	v6	2	none	1
16:28:40	1790872121	v7	2	none	1
16:28:42	1790872122	bootstrap	2	none	1
16:28:42	1790872122	v1	2	none	1
16:28:42	1790872122	v2	2	none	1
16:28:42	1790872122	v3	2	none	1
16:28:42	1790872122	v4	2	none	1
16:28:42	1790872122	v5	2	none	1
16:28:42	1790872122	v6	2	none	1
16:28:42	1790872122	v7	2	none	1
16:28:43	1790872124	bootstrap	2	none	1
16:28:43	1790872124	v1	2	none	1
16:28:43	1790872124	v2	2	none	1
16:28:43	1790872124	v3	2	none	1
16:28:43	1790872124	v4	2	none	1
16:28:43	1790872124	v5	2	none	1
16:28:43	1790872124	v6	2	none	1
16:28:43	1790872124	v7	2	none	1
16:28:45	1790872125	bootstrap	2	none	1
16:28:45	1790872125	v1	2	none	1
16:28:45	1790872125	v2	2	none	1
16:28:45	1790872125	v3	2	none	1
16:28:45	1790872125	v4	2	none	1
16:28:45	1790872125	v5	2	none	1
16:28:45	1790872125	v6	2	none	1
16:28:45	1790872125	v7	2	none	1
16:28:46	1790872127	bootstrap	2	none	1
16:28:46	1790872127	v1	2	none	1
16:28:46	1790872127	v2	2	none	1
16:28:46	1790872127	v3	2	none	1
16:28:46	1790872127	v4	2	none	1
16:28:46	1790872127	v5	2	none	1
16:28:46	1790872127	v6	2	none	1
16:28:46	1790872127	v7	2	none	1
16:28:48	1790872128	bootstrap	2	none	1
16:28:48	1790872128	v1	2	none	1
16:28:48	1790872128	v2	2	none	1
16:28:48	1790872128	v3	2	none	1
16:28:48	1790872128	v4	2	none	1
16:28:48	1790872128	v5	2	none	1
16:28:48	1790872128	v6	2	none	1
16:28:48	1790872128	v7	2	none	1
16:28:49	1790872130	bootstrap	2	none	1
16:28:49	1790872130	v1	2	none	1
16:28:49	1790872130	v2	2	none	1
16:28:49	1790872130	v3	2	none	1
16:28:49	1790872130	v4	2	none	1
16:28:49	1790872130	v5	2	none	1
16:28:49	1790872130	v6	2	none	1
16:28:49	1790872130	v7	2	none	1
16:28:51	1790872131	bootstrap	2	none	1
16:28:51	1790872131	v1	2	none	1
16:28:51	1790872131	v2	2	none	1
16:28:51	1790872131	v3	2	none	1
16:28:51	1790872131	v4	2	none	1
16:28:51	1790872131	v5	2	none	1
16:28:51	1790872131	v6	2	none	1
16:28:51	1790872131	v7	2	none	1
16:28:52	1790872133	bootstrap	2	none	1
16:28:52	1790872133	v1	2	none	1
16:28:52	1790872133	v2	2	none	1
16:28:52	1790872133	v3	2	none	1
16:28:52	1790872133	v4	2	none	1
16:28:52	1790872133	v5	2	none	1
16:28:52	1790872133	v6	2	none	1
16:28:52	1790872133	v7	2	none	1
16:28:54	1790872134	bootstrap	2	none	1
16:28:54	1790872134	v1	2	none	1
16:28:54	1790872134	v2	2	none	1
16:28:54	1790872134	v3	2	none	1
16:28:54	1790872134	v4	2	none	1
16:28:54	1790872134	v5	2	none	1
16:28:54	1790872134	v6	2	none	1
16:28:54	1790872134	v7	2	none	1
16:28:55	1790872136	bootstrap	2	none	1
16:28:55	1790872136	v1	2	none	1
16:28:55	1790872136	v2	2	none	1
16:28:55	1790872136	v3	2	none	1
16:28:55	1790872136	v4	2	none	1
16:28:55	1790872136	v5	2	none	1
16:28:55	1790872136	v6	2	none	1
16:28:55	1790872136	v7	2	none	1
16:28:57	1790872137	bootstrap	2	none	1
16:28:57	1790872137	v1	2	none	1
16:28:57	1790872137	v2	2	none	1
16:28:57	1790872137	v3	2	none	1
16:28:57	1790872137	v4	2	none	1
16:28:57	1790872137	v5	2	none	1
16:28:57	1790872137	v6	2	none	1
16:28:57	1790872137	v7	2	none	1
16:28:58	1790872139	bootstrap	2	none	1
16:28:58	1790872139	v1	2	none	1
16:28:58	1790872139	v2	2	none	1
16:28:58	1790872139	v3	2	none	1
16:28:58	1790872139	v4	2	none	1
16:28:58	1790872139	v5	2	none	1
16:28:58	1790872139	v6	2	none	1
16:28:58	1790872139	v7	2	none	1
16:29:00	1790872140	bootstrap	2	none	1
16:29:00	1790872140	v1	2	none	1
16:29:00	1790872140	v2	2	none	1
16:29:00	1790872140	v3	2	none	1
16:29:00	1790872140	v4	2	none	1
16:29:00	1790872140	v5	2	none	1
16:29:00	1790872140	v6	2	none	1
16:29:00	1790872140	v7	2	none	1
16:29:01	1790872141	bootstrap	2	none	1
16:29:01	1790872141	v1	2	none	1
16:29:01	1790872141	v2	2	none	1
16:29:01	1790872141	v3	2	none	1
16:29:01	1790872141	v4	2	none	1
16:29:01	1790872141	v5	2	none	1
16:29:01	1790872141	v6	2	none	1
16:29:01	1790872141	v7	2	none	1
16:29:02	1790872143	bootstrap	2	none	1
16:29:02	1790872143	v1	2	none	1
16:29:02	1790872143	v2	2	none	1
16:29:02	1790872143	v3	2	none	1
16:29:02	1790872143	v4	2	none	1
16:29:02	1790872143	v5	2	none	1
16:29:02	1790872143	v6	2	none	1
16:29:02	1790872143	v7	2	none	1
16:29:04	1790872144	bootstrap	2	none	1
16:29:04	1790872144	v1	2	none	1
16:29:04	1790872144	v2	2	none	1
16:29:04	1790872144	v3	2	none	1
16:29:04	1790872144	v4	2	none	1
16:29:04	1790872144	v5	2	none	1
16:29:04	1790872144	v6	2	none	1
16:29:04	1790872144	v7	2	none	1
16:29:05	1790872146	bootstrap	2	none	1
16:29:05	1790872146	v1	2	none	1
16:29:05	1790872146	v2	2	none	1
16:29:05	1790872146	v3	2	none	1
16:29:05	1790872146	v4	2	none	1
16:29:05	1790872146	v5	2	none	1
16:29:05	1790872146	v6	2	none	1
16:29:05	1790872146	v7	2	none	1
16:29:07	1790872147	bootstrap	2	none	1
16:29:07	1790872147	v1	2	none	1
16:29:07	1790872147	v2	2	none	1
16:29:07	1790872147	v3	2	none	1
16:29:07	1790872147	v4	2	none	1
16:29:07	1790872147	v5	2	none	1
16:29:07	1790872147	v6	2	none	1
16:29:07	1790872147	v7	2	none	1
16:29:08	1790872149	bootstrap	2	none	1
16:29:08	1790872149	v1	2	none	1
16:29:08	1790872149	v2	2	none	1
16:29:08	1790872149	v3	2	none	1
16:29:08	1790872149	v4	2	none	1
16:29:08	1790872149	v5	2	none	1
16:29:08	1790872149	v6	2	none	1
16:29:08	1790872149	v7	2	none	1
16:29:10	1790872150	bootstrap	2	none	1
16:29:10	1790872150	v1	2	none	1
16:29:10	1790872150	v2	2	none	1
16:29:10	1790872150	v3	2	none	1
16:29:10	1790872150	v4	2	none	1
16:29:10	1790872150	v5	2	none	1
16:29:10	1790872150	v6	2	none	1
16:29:10	1790872150	v7	2	none	1
16:29:11	1790872152	bootstrap	2	none	1
16:29:11	1790872152	v1	2	none	1
16:29:11	1790872152	v2	2	none	1
16:29:11	1790872152	v3	2	none	1
16:29:11	1790872152	v4	2	none	1
16:29:11	1790872152	v5	2	none	1
16:29:11	1790872152	v6	2	none	1
16:29:11	1790872152	v7	2	none	1
16:29:13	1790872153	bootstrap	2	none	1
16:29:13	1790872153	v1	2	none	1
16:29:13	1790872153	v2	2	none	1
16:29:13	1790872153	v3	2	none	1
16:29:13	1790872153	v4	2	none	1
16:29:13	1790872153	v5	2	none	1
16:29:13	1790872153	v6	2	none	1
16:29:13	1790872153	v7	2	none	1
16:29:14	1790872155	bootstrap	2	none	1
16:29:14	1790872155	v1	2	none	1
16:29:14	1790872155	v2	2	none	1
16:29:14	1790872155	v3	2	none	1
16:29:14	1790872155	v4	2	none	1
16:29:14	1790872155	v5	2	none	1
16:29:14	1790872155	v6	2	none	1
16:29:14	1790872155	v7	2	none	1
16:29:16	1790872156	bootstrap	2	none	1
16:29:16	1790872156	v1	2	none	1
16:29:16	1790872156	v2	2	none	1
16:29:16	1790872156	v3	2	none	1
16:29:16	1790872156	v4	2	none	1
16:29:16	1790872156	v5	2	none	1
16:29:16	1790872156	v6	2	none	1
16:29:16	1790872156	v7	2	none	1
16:29:17	1790872158	bootstrap	2	none	1
16:29:17	1790872158	v1	2	none	1
16:29:17	1790872158	v2	2	none	1
16:29:17	1790872158	v3	2	none	1
16:29:17	1790872158	v4	2	none	1
16:29:17	1790872158	v5	2	none	1
16:29:17	1790872158	v6	2	none	1
16:29:17	1790872158	v7	2	none	1
16:29:19	1790872159	bootstrap	2	none	1
16:29:19	1790872159	v1	2	none	1
16:29:19	1790872159	v2	2	none	1
16:29:19	1790872159	v3	2	none	1
16:29:19	1790872159	v4	2	none	1
16:29:19	1790872159	v5	2	none	1
16:29:19	1790872159	v6	2	none	1
16:29:19	1790872159	v7	2	none	1
16:29:20	1790872161	bootstrap	2	none	1
16:29:20	1790872161	v1	2	none	1
16:29:20	1790872161	v2	2	none	1
16:29:20	1790872161	v3	2	none	1
16:29:20	1790872161	v4	2	none	1
16:29:20	1790872161	v5	2	none	1
16:29:20	1790872161	v6	2	none	1
16:29:20	1790872161	v7	2	none	1
16:29:22	1790872162	bootstrap	2	none	1
16:29:22	1790872162	v1	2	none	1
16:29:22	1790872162	v2	2	none	1
16:29:22	1790872162	v3	2	none	1
16:29:22	1790872162	v4	2	none	1
16:29:22	1790872162	v5	2	none	1
16:29:22	1790872162	v6	2	none	1
16:29:22	1790872162	v7	2	none	1
16:29:23	1790872164	bootstrap	2	none	1
16:29:23	1790872164	v1	2	none	1
16:29:23	1790872164	v2	2	none	1
16:29:23	1790872164	v3	2	none	1
16:29:23	1790872164	v4	2	none	1
16:29:23	1790872164	v5	2	none	1
16:29:23	1790872164	v6	2	none	1
16:29:23	1790872164	v7	2	none	1
16:29:25	1790872165	bootstrap	2	none	1
16:29:25	1790872165	v1	2	none	1
16:29:25	1790872165	v2	2	none	1
16:29:25	1790872165	v3	2	none	1
16:29:25	1790872165	v4	2	none	1
16:29:25	1790872165	v5	2	none	1
16:29:25	1790872165	v6	2	none	1
16:29:25	1790872165	v7	2	none	1
16:29:26	1790872167	bootstrap	2	none	1
16:29:26	1790872167	v1	2	none	1
16:29:26	1790872167	v2	2	none	1
16:29:26	1790872167	v3	2	none	1
16:29:26	1790872167	v4	2	none	1
16:29:26	1790872167	v5	2	none	1
16:29:26	1790872167	v6	2	none	1
16:29:26	1790872167	v7	2	none	1
16:29:28	1790872168	bootstrap	2	none	1
16:29:28	1790872168	v1	2	none	1
16:29:28	1790872168	v2	2	none	1
16:29:28	1790872168	v3	2	none	1
16:29:28	1790872168	v4	2	none	1
16:29:28	1790872168	v5	2	none	1
16:29:28	1790872168	v6	2	none	1
16:29:28	1790872168	v7	2	none	1
16:29:29	1790872169	bootstrap	2	none	1
16:29:29	1790872169	v1	2	none	1
16:29:29	1790872169	v2	2	none	1
16:29:29	1790872169	v3	2	none	1
16:29:29	1790872169	v4	2	none	1
16:29:29	1790872169	v5	2	none	1
16:29:29	1790872169	v6	2	none	1
16:29:29	1790872169	v7	2	none	1
16:29:30	1790872171	bootstrap	2	none	1
16:29:30	1790872171	v1	2	none	1
16:29:30	1790872171	v2	2	none	1
16:29:30	1790872171	v3	2	none	1
16:29:30	1790872171	v4	2	none	1
16:29:30	1790872171	v5	2	none	1
16:29:30	1790872171	v6	2	none	1
16:29:30	1790872171	v7	2	none	1
16:29:32	1790872172	bootstrap	2	none	1
16:29:32	1790872172	v1	2	none	1
16:29:32	1790872172	v2	2	none	1
16:29:32	1790872172	v3	2	none	1
16:29:32	1790872172	v4	2	none	1
16:29:32	1790872172	v5	2	none	1
16:29:32	1790872172	v6	2	none	1
16:29:32	1790872172	v7	2	none	1
16:29:33	1790872174	bootstrap	2	none	1
16:29:33	1790872174	v1	2	none	1
16:29:33	1790872174	v2	2	none	1
16:29:33	1790872174	v3	2	none	1
16:29:33	1790872174	v4	2	none	1
16:29:33	1790872174	v5	2	none	1
16:29:33	1790872174	v6	2	none	1
16:29:33	1790872174	v7	2	none	1
16:29:35	1790872175	bootstrap	2	none	1
16:29:35	1790872175	v1	2	none	1
16:29:35	1790872175	v2	2	none	1
16:29:35	1790872175	v3	2	none	1
16:29:35	1790872175	v4	2	none	1
16:29:35	1790872175	v5	2	none	1
16:29:35	1790872175	v6	2	none	1
16:29:35	1790872175	v7	2	none	1
16:29:36	1790872177	bootstrap	2	none	1
16:29:36	1790872177	v1	2	none	1
16:29:36	1790872177	v2	2	none	1
16:29:36	1790872177	v3	2	none	1
16:29:36	1790872177	v4	2	none	1
16:29:36	1790872177	v5	2	none	1
16:29:36	1790872177	v6	2	none	1
16:29:36	1790872177	v7	2	none	1
16:29:38	1790872178	bootstrap	2	none	1
16:29:38	1790872178	v1	2	none	1
16:29:38	1790872178	v2	2	none	1
16:29:38	1790872178	v3	2	none	1
16:29:38	1790872178	v4	2	none	1
16:29:38	1790872178	v5	2	none	1
16:29:38	1790872178	v6	2	none	1
16:29:38	1790872178	v7	2	none	1
16:29:39	1790872180	bootstrap	2	none	1
16:29:39	1790872180	v1	2	none	1
16:29:39	1790872180	v2	2	none	1
16:29:39	1790872180	v3	2	none	1
16:29:39	1790872180	v4	2	none	1
16:29:39	1790872180	v5	2	none	1
16:29:39	1790872180	v6	2	none	1
16:29:39	1790872180	v7	2	none	1
16:29:41	1790872181	bootstrap	2	none	1
16:29:41	1790872181	v1	2	none	1
16:29:41	1790872181	v2	2	none	1
16:29:41	1790872181	v3	2	none	1
16:29:41	1790872181	v4	2	none	1
16:29:41	1790872181	v5	2	none	1
16:29:41	1790872181	v6	2	none	1
16:29:41	1790872181	v7	2	none	1
16:29:42	1790872183	bootstrap	2	none	1
16:29:42	1790872183	v1	2	none	1
16:29:42	1790872183	v2	2	none	1
16:29:42	1790872183	v3	2	none	1
16:29:42	1790872183	v4	2	none	1
16:29:42	1790872183	v5	2	none	1
16:29:42	1790872183	v6	2	none	1
16:29:42	1790872183	v7	2	none	1
16:29:44	1790872184	bootstrap	2	none	1
16:29:44	1790872184	v1	2	none	1
16:29:44	1790872184	v2	2	none	1
16:29:44	1790872184	v3	2	none	1
16:29:44	1790872184	v4	2	none	1
16:29:44	1790872184	v5	2	none	1
16:29:44	1790872184	v6	2	none	1
16:29:44	1790872184	v7	2	none	1
16:29:45	1790872186	bootstrap	2	none	1
16:29:45	1790872186	v1	2	none	1
16:29:45	1790872186	v2	2	none	1
16:29:45	1790872186	v3	2	none	1
16:29:45	1790872186	v4	2	none	1
16:29:45	1790872186	v5	2	none	1
16:29:45	1790872186	v6	2	none	1
16:29:45	1790872186	v7	2	none	1
16:29:47	1790872187	bootstrap	2	none	1
16:29:47	1790872187	v1	2	none	1
16:29:47	1790872187	v2	2	none	1
16:29:47	1790872187	v3	2	none	1
16:29:47	1790872187	v4	2	none	1
16:29:47	1790872187	v5	2	none	1
16:29:47	1790872187	v6	2	none	1
16:29:47	1790872187	v7	2	none	1
16:29:48	1790872189	bootstrap	2	none	1
16:29:48	1790872189	v1	2	none	1
16:29:48	1790872189	v2	2	none	1
16:29:48	1790872189	v3	2	none	1
16:29:48	1790872189	v4	2	none	1
16:29:48	1790872189	v5	2	none	1
16:29:48	1790872189	v6	2	none	1
16:29:48	1790872189	v7	2	none	1
16:29:50	1790872190	bootstrap	2	none	1
16:29:50	1790872190	v1	2	none	1
16:29:50	1790872190	v2	2	none	1
16:29:50	1790872190	v3	2	none	1
16:29:50	1790872190	v4	2	none	1
16:29:50	1790872190	v5	2	none	1
16:29:50	1790872190	v6	2	none	1
16:29:50	1790872190	v7	2	none	1
16:29:51	1790872192	bootstrap	2	none	1
16:29:51	1790872192	v1	2	none	1
16:29:51	1790872192	v2	2	none	1
16:29:51	1790872192	v3	2	none	1
16:29:51	1790872192	v4	2	none	1
16:29:51	1790872192	v5	2	none	1
16:29:51	1790872192	v6	2	none	1
16:29:51	1790872192	v7	2	none	1
16:29:53	1790872193	bootstrap	2	none	1
16:29:53	1790872193	v1	2	none	1
16:29:53	1790872193	v2	2	none	1
16:29:53	1790872193	v3	2	none	1
16:29:53	1790872193	v4	2	none	1
16:29:53	1790872193	v5	2	none	1
16:29:53	1790872193	v6	2	none	1
16:29:53	1790872193	v7	2	none	1
16:29:54	1790872195	bootstrap	2	none	1
16:29:54	1790872195	v1	2	none	1
16:29:54	1790872195	v2	2	none	1
16:29:54	1790872195	v3	2	none	1
16:29:54	1790872195	v4	2	none	1
16:29:54	1790872195	v5	2	none	1
16:29:54	1790872195	v6	2	none	1
16:29:54	1790872195	v7	2	none	1
16:29:56	1790872196	bootstrap	2	none	1
16:29:56	1790872196	v1	2	none	1
16:29:56	1790872196	v2	2	none	1
16:29:56	1790872196	v3	2	none	1
16:29:56	1790872196	v4	2	none	1
16:29:56	1790872196	v5	2	none	1
16:29:56	1790872196	v6	2	none	1
16:29:56	1790872196	v7	2	none	1
16:29:57	1790872198	bootstrap	2	none	1
16:29:57	1790872198	v1	2	none	1
16:29:57	1790872198	v2	2	none	1
16:29:57	1790872198	v3	2	none	1
16:29:57	1790872198	v4	2	none	1
16:29:57	1790872198	v5	2	none	1
16:29:57	1790872198	v6	2	none	1
16:29:57	1790872198	v7	2	none	1
16:29:59	1790872199	bootstrap	2	none	1
16:29:59	1790872199	v1	2	none	1
16:29:59	1790872199	v2	2	none	1
16:29:59	1790872199	v3	2	none	1
16:29:59	1790872199	v4	2	none	1
16:29:59	1790872199	v5	2	none	1
16:29:59	1790872199	v6	2	none	1
16:29:59	1790872199	v7	2	none	1
16:30:00	1790872200	bootstrap	2	none	1
16:30:00	1790872200	v1	2	none	1
16:30:00	1790872200	v2	2	none	1
16:30:00	1790872200	v3	2	none	1
16:30:00	1790872200	v4	2	none	1
16:30:00	1790872200	v5	2	none	1
16:30:00	1790872200	v6	2	none	1
16:30:00	1790872200	v7	2	none	1
16:30:01	1790872202	bootstrap	2	none	1
16:30:01	1790872202	v1	2	none	1
16:30:01	1790872202	v2	2	none	1
16:30:01	1790872202	v3	2	none	1
16:30:01	1790872202	v4	2	none	1
16:30:01	1790872202	v5	2	none	1
16:30:01	1790872202	v6	2	none	1
16:30:01	1790872202	v7	2	none	1
16:30:03	1790872203	bootstrap	2	none	1
16:30:03	1790872203	v1	2	none	1
16:30:03	1790872203	v2	2	none	1
16:30:03	1790872203	v3	2	none	1
16:30:03	1790872203	v4	2	none	1
16:30:03	1790872203	v5	2	none	1
16:30:03	1790872203	v6	2	none	1
16:30:03	1790872203	v7	2	none	1
16:30:04	1790872205	bootstrap	2	none	1
16:30:04	1790872205	v1	2	none	1
16:30:04	1790872205	v2	2	none	1
16:30:04	1790872205	v3	2	none	1
16:30:04	1790872205	v4	2	none	1
16:30:04	1790872205	v5	2	none	1
16:30:04	1790872205	v6	2	none	1
16:30:04	1790872205	v7	2	none	1
16:30:06	1790872206	bootstrap	2	none	1
16:30:06	1790872206	v1	2	none	1
16:30:06	1790872206	v2	2	none	1
16:30:06	1790872206	v3	2	none	1
16:30:06	1790872206	v4	2	none	1
16:30:06	1790872206	v5	2	none	1
16:30:06	1790872206	v6	2	none	1
16:30:06	1790872206	v7	2	none	1
16:30:07	1790872208	bootstrap	2	none	1
16:30:07	1790872208	v1	2	none	1
16:30:07	1790872208	v2	2	none	1
16:30:07	1790872208	v3	2	none	1
16:30:07	1790872208	v4	2	none	1
16:30:07	1790872208	v5	2	none	1
16:30:07	1790872208	v6	2	none	1
16:30:07	1790872208	v7	2	none	1
16:30:09	1790872209	bootstrap	2	none	1
16:30:09	1790872209	v1	2	none	1
16:30:09	1790872209	v2	2	none	1
16:30:09	1790872209	v3	2	none	1
16:30:09	1790872209	v4	2	none	1
16:30:09	1790872209	v5	2	none	1
16:30:09	1790872209	v6	2	none	1
16:30:09	1790872209	v7	2	none	1
16:30:10	1790872211	bootstrap	2	none	1
16:30:10	1790872211	v1	2	none	1
16:30:10	1790872211	v2	2	none	1
16:30:10	1790872211	v3	2	none	1
16:30:10	1790872211	v4	2	none	1
16:30:10	1790872211	v5	2	none	1
16:30:10	1790872211	v6	2	none	1
16:30:10	1790872211	v7	2	none	1
16:30:12	1790872212	bootstrap	2	none	1
16:30:12	1790872212	v1	2	none	1
16:30:12	1790872212	v2	2	none	1
16:30:12	1790872212	v3	2	none	1
16:30:12	1790872212	v4	2	none	1
16:30:12	1790872212	v5	2	none	1
16:30:12	1790872212	v6	2	none	1
16:30:12	1790872212	v7	2	none	1
16:30:13	1790872214	bootstrap	2	none	1
16:30:13	1790872214	v1	2	none	1
16:30:13	1790872214	v2	2	none	1
16:30:13	1790872214	v3	2	none	1
16:30:13	1790872214	v4	2	none	1
16:30:13	1790872214	v5	2	none	1
16:30:13	1790872214	v6	2	none	1
16:30:13	1790872214	v7	2	none	1
16:30:15	1790872215	bootstrap	2	none	1
16:30:15	1790872215	v1	2	none	1
16:30:15	1790872215	v2	2	none	1
16:30:15	1790872215	v3	2	none	1
16:30:15	1790872215	v4	2	none	1
16:30:15	1790872215	v5	2	none	1
16:30:15	1790872215	v6	2	none	1
16:30:15	1790872215	v7	2	none	1
16:30:16	1790872217	bootstrap	2	none	1
16:30:16	1790872217	v1	2	none	1
16:30:16	1790872217	v2	2	none	1
16:30:16	1790872217	v3	2	none	1
16:30:16	1790872217	v4	2	none	1
16:30:16	1790872217	v5	2	none	1
16:30:16	1790872217	v6	2	none	1
16:30:16	1790872217	v7	2	none	1
16:30:18	1790872218	bootstrap	2	none	1
16:30:18	1790872218	v1	2	none	1
16:30:18	1790872218	v2	2	none	1
16:30:18	1790872218	v3	2	none	1
16:30:18	1790872218	v4	2	none	1
16:30:18	1790872218	v5	2	none	1
16:30:18	1790872218	v6	2	none	1
16:30:18	1790872218	v7	2	none	1
16:30:19	1790872220	bootstrap	2	none	1
16:30:19	1790872220	v1	2	none	1
16:30:19	1790872220	v2	2	none	1
16:30:19	1790872220	v3	2	none	1
16:30:19	1790872220	v4	2	none	1
16:30:19	1790872220	v5	2	none	1
16:30:19	1790872220	v6	2	none	1
16:30:19	1790872220	v7	2	none	1
16:30:21	1790872221	bootstrap	2	none	1
16:30:21	1790872221	v1	2	none	1
16:30:21	1790872221	v2	2	none	1
16:30:21	1790872221	v3	2	none	1
16:30:21	1790872221	v4	2	none	1
16:30:21	1790872221	v5	2	none	1
16:30:21	1790872221	v6	2	none	1
16:30:21	1790872221	v7	2	none	1
16:30:22	1790872223	bootstrap	2	none	1
16:30:22	1790872223	v1	2	none	1
16:30:22	1790872223	v2	2	none	1
16:30:22	1790872223	v3	2	none	1
16:30:22	1790872223	v4	2	none	1
16:30:22	1790872223	v5	2	none	1
16:30:22	1790872223	v6	2	none	1
16:30:22	1790872223	v7	2	none	1
16:30:24	1790872224	bootstrap	2	none	1
16:30:24	1790872224	v1	2	none	1
16:30:24	1790872224	v2	2	none	1
16:30:24	1790872224	v3	2	none	1
16:30:24	1790872224	v4	2	none	1
16:30:24	1790872224	v5	2	none	1
16:30:24	1790872224	v6	2	none	1
16:30:24	1790872224	v7	2	none	1
16:30:25	1790872226	bootstrap	2	none	1
16:30:25	1790872226	v1	2	none	1
16:30:25	1790872226	v2	2	none	1
16:30:25	1790872226	v3	2	none	1
16:30:25	1790872226	v4	2	none	1
16:30:25	1790872226	v5	2	none	1
16:30:25	1790872226	v6	2	none	1
16:30:25	1790872226	v7	2	none	1
16:30:27	1790872227	bootstrap	2	none	1
16:30:27	1790872227	v1	2	none	1
16:30:27	1790872227	v2	2	none	1
16:30:27	1790872227	v3	2	none	1
16:30:27	1790872227	v4	2	none	1
16:30:27	1790872227	v5	2	none	1
16:30:27	1790872227	v6	2	none	1
16:30:27	1790872227	v7	2	none	1
16:30:28	1790872229	bootstrap	2	none	1
16:30:28	1790872229	v1	2	none	1
16:30:28	1790872229	v2	2	none	1
16:30:28	1790872229	v3	2	none	1
16:30:28	1790872229	v4	2	none	1
16:30:28	1790872229	v5	2	none	1
16:30:28	1790872229	v6	2	none	1
16:30:28	1790872229	v7	2	none	1
16:30:30	1790872230	bootstrap	2	none	1
16:30:30	1790872230	v1	2	none	1
16:30:30	1790872230	v2	2	none	1
16:30:30	1790872230	v3	2	none	1
16:30:30	1790872230	v4	2	none	1
16:30:30	1790872230	v5	2	none	1
16:30:30	1790872230	v6	2	none	1
16:30:30	1790872230	v7	2	none	1
16:30:31	1790872232	bootstrap	2	none	1
16:30:31	1790872232	v1	2	none	1
16:30:31	1790872232	v2	2	none	1
16:30:31	1790872232	v3	2	none	1
16:30:31	1790872232	v4	2	none	1
16:30:31	1790872232	v5	2	none	1
16:30:31	1790872232	v6	2	none	1
16:30:31	1790872232	v7	2	none	1
16:30:33	1790872233	bootstrap	2	none	1
16:30:33	1790872233	v1	2	none	1
16:30:33	1790872233	v2	2	none	1
16:30:33	1790872233	v3	2	none	1
16:30:33	1790872233	v4	2	none	1
16:30:33	1790872233	v5	2	none	1
16:30:33	1790872233	v6	2	none	1
16:30:33	1790872233	v7	2	none	1
16:30:34	1790872234	bootstrap	2	none	1
16:30:34	1790872234	v1	2	none	1
16:30:34	1790872234	v2	2	none	1
16:30:34	1790872234	v3	2	none	1
16:30:34	1790872234	v4	2	none	1
16:30:34	1790872234	v5	2	none	1
16:30:34	1790872234	v6	2	none	1
16:30:34	1790872234	v7	2	none	1
16:30:35	1790872236	bootstrap	2	none	1
16:30:35	1790872236	v1	2	none	1
16:30:35	1790872236	v2	2	none	1
16:30:35	1790872236	v3	2	none	1
16:30:35	1790872236	v4	2	none	1
16:30:35	1790872236	v5	2	none	1
16:30:35	1790872236	v6	2	none	1
16:30:35	1790872236	v7	2	none	1
16:30:37	1790872237	bootstrap	2	none	1
16:30:37	1790872237	v1	2	none	1
16:30:37	1790872237	v2	2	none	1
16:30:37	1790872237	v3	2	none	1
16:30:37	1790872237	v4	2	none	1
16:30:37	1790872237	v5	2	none	1
16:30:37	1790872237	v6	2	none	1
16:30:37	1790872237	v7	2	none	1
16:30:38	1790872239	bootstrap	2	none	1
16:30:38	1790872239	v1	2	none	1
16:30:38	1790872239	v2	2	none	1
16:30:38	1790872239	v3	2	none	1
16:30:38	1790872239	v4	2	none	1
16:30:38	1790872239	v5	2	none	1
16:30:38	1790872239	v6	2	none	1
16:30:38	1790872239	v7	2	none	1
16:30:40	1790872240	bootstrap	2	none	1
16:30:40	1790872240	v1	2	none	1
16:30:40	1790872240	v2	2	none	1
16:30:40	1790872240	v3	2	none	1
16:30:40	1790872240	v4	2	none	1
16:30:40	1790872240	v5	2	none	1
16:30:40	1790872240	v6	2	none	1
16:30:40	1790872240	v7	2	none	1
16:30:41	1790872242	bootstrap	2	none	1
16:30:41	1790872242	v1	2	none	1
16:30:41	1790872242	v2	2	none	1
16:30:41	1790872242	v3	2	none	1
16:30:41	1790872242	v4	2	none	1
16:30:41	1790872242	v5	2	none	1
16:30:41	1790872242	v6	2	none	1
16:30:41	1790872242	v7	2	none	1
16:30:43	1790872243	bootstrap	2	none	1
16:30:43	1790872243	v1	2	none	1
16:30:43	1790872243	v2	2	none	1
16:30:43	1790872243	v3	2	none	1
16:30:43	1790872243	v4	2	none	1
16:30:43	1790872243	v5	2	none	1
16:30:43	1790872243	v6	2	none	1
16:30:43	1790872243	v7	2	none	1
16:30:44	1790872245	bootstrap	2	none	1
16:30:44	1790872245	v1	2	none	1
16:30:44	1790872245	v2	2	none	1
16:30:44	1790872245	v3	2	none	1
16:30:44	1790872245	v4	2	none	1
16:30:44	1790872245	v5	2	none	1
16:30:44	1790872245	v6	2	none	1
16:30:44	1790872245	v7	2	none	1
16:30:46	1790872246	bootstrap	2	none	1
16:30:46	1790872246	v1	2	none	1
16:30:46	1790872246	v2	2	none	1
16:30:46	1790872246	v3	2	none	1
16:30:46	1790872246	v4	2	none	1
16:30:46	1790872246	v5	2	none	1
16:30:46	1790872246	v6	2	none	1
16:30:46	1790872246	v7	2	none	1
16:30:47	1790872248	bootstrap	2	none	1
16:30:47	1790872248	v1	2	none	1
16:30:47	1790872248	v2	2	none	1
16:30:47	1790872248	v3	2	none	1
16:30:47	1790872248	v4	2	none	1
16:30:47	1790872248	v5	2	none	1
16:30:47	1790872248	v6	2	none	1
16:30:47	1790872248	v7	2	none	1
16:30:49	1790872249	bootstrap	2	none	1
16:30:49	1790872249	v1	2	none	1
16:30:49	1790872249	v2	2	none	1
16:30:49	1790872249	v3	2	none	1
16:30:49	1790872249	v4	2	none	1
16:30:49	1790872249	v5	2	none	1
16:30:49	1790872249	v6	2	none	1
16:30:49	1790872249	v7	2	none	1
16:30:50	1790872251	bootstrap	2	none	1
16:30:50	1790872251	v1	2	none	1
16:30:50	1790872251	v2	2	none	1
16:30:50	1790872251	v3	2	none	1
16:30:50	1790872251	v4	2	none	1
16:30:50	1790872251	v5	2	none	1
16:30:50	1790872251	v6	2	none	1
16:30:50	1790872251	v7	2	none	1
16:30:52	1790872252	bootstrap	2	none	1
16:30:52	1790872252	v1	2	none	1
16:30:52	1790872252	v2	2	none	1
16:30:52	1790872252	v3	2	none	1
16:30:52	1790872252	v4	2	none	1
16:30:52	1790872252	v5	2	none	1
16:30:52	1790872252	v6	2	none	1
16:30:52	1790872252	v7	2	none	1
16:30:53	1790872254	bootstrap	2	none	1
16:30:53	1790872254	v1	2	none	1
16:30:53	1790872254	v2	2	none	1
16:30:53	1790872254	v3	2	none	1
16:30:53	1790872254	v4	2	none	1
16:30:53	1790872254	v5	2	none	1
16:30:53	1790872254	v6	2	none	1
16:30:53	1790872254	v7	2	none	1
16:30:55	1790872255	bootstrap	2	none	1
16:30:55	1790872255	v1	2	none	1
16:30:55	1790872255	v2	2	none	1
16:30:55	1790872255	v3	2	none	1
16:30:55	1790872255	v4	2	none	1
16:30:55	1790872255	v5	2	none	1
16:30:55	1790872255	v6	2	none	1
16:30:55	1790872255	v7	2	none	1
16:30:56	1790872257	bootstrap	2	none	1
16:30:56	1790872257	v1	2	none	1
16:30:56	1790872257	v2	2	none	1
16:30:56	1790872257	v3	2	none	1
16:30:56	1790872257	v4	2	none	1
16:30:56	1790872257	v5	2	none	1
16:30:56	1790872257	v6	2	none	1
16:30:56	1790872257	v7	2	none	1
16:30:58	1790872258	bootstrap	2	none	1
16:30:58	1790872258	v1	2	none	1
16:30:58	1790872258	v2	2	none	1
16:30:58	1790872258	v3	2	none	1
16:30:58	1790872258	v4	2	none	1
16:30:58	1790872258	v5	2	none	1
16:30:58	1790872258	v6	2	none	1
16:30:58	1790872258	v7	2	none	1
16:30:59	1790872260	bootstrap	2	none	1
16:30:59	1790872260	v1	2	none	1
16:30:59	1790872260	v2	2	none	1
16:30:59	1790872260	v3	2	none	1
16:30:59	1790872260	v4	2	none	1
16:30:59	1790872260	v5	2	none	1
16:30:59	1790872260	v6	2	none	1
16:30:59	1790872260	v7	2	none	1
16:31:01	1790872261	bootstrap	2	none	1
16:31:01	1790872261	v1	2	none	1
16:31:01	1790872261	v2	2	none	1
16:31:01	1790872261	v3	2	none	1
16:31:01	1790872261	v4	2	none	1
16:31:01	1790872261	v5	2	none	1
16:31:01	1790872261	v6	2	none	1
16:31:01	1790872261	v7	2	none	1
16:31:02	1790872263	bootstrap	2	none	1
16:31:02	1790872263	v1	2	none	1
16:31:02	1790872263	v2	2	none	1
16:31:02	1790872263	v3	2	none	1
16:31:02	1790872263	v4	2	none	1
16:31:02	1790872263	v5	2	none	1
16:31:02	1790872263	v6	2	none	1
16:31:02	1790872263	v7	2	none	1
16:31:04	1790872264	bootstrap	2	none	1
16:31:04	1790872264	v1	2	none	1
16:31:04	1790872264	v2	2	none	1
16:31:04	1790872264	v3	2	none	1
16:31:04	1790872264	v4	2	none	1
16:31:04	1790872264	v5	2	none	1
16:31:04	1790872264	v6	2	none	1
16:31:04	1790872264	v7	2	none	1
16:31:05	1790872266	bootstrap	2	none	1
16:31:05	1790872266	v1	2	none	1
16:31:05	1790872266	v2	2	none	1
16:31:05	1790872266	v3	2	none	1
16:31:05	1790872266	v4	2	none	1
16:31:05	1790872266	v5	2	none	1
16:31:05	1790872266	v6	2	none	1
16:31:05	1790872266	v7	2	none	1
16:31:07	1790872267	bootstrap	2	none	1
16:31:07	1790872267	v1	2	none	1
16:31:07	1790872267	v2	2	none	1
16:31:07	1790872267	v3	2	none	1
16:31:07	1790872267	v4	2	none	1
16:31:07	1790872267	v5	2	none	1
16:31:07	1790872267	v6	2	none	1
16:31:07	1790872267	v7	2	none	1
16:31:08	1790872269	bootstrap	2	none	1
16:31:08	1790872269	v1	2	none	1
16:31:08	1790872269	v2	2	none	1
16:31:08	1790872269	v3	2	none	1
16:31:08	1790872269	v4	2	none	1
16:31:08	1790872269	v5	2	none	1
16:31:08	1790872269	v6	2	none	1
16:31:08	1790872269	v7	2	none	1
16:31:10	1790872270	bootstrap	2	none	1
16:31:10	1790872270	v1	2	none	1
16:31:10	1790872270	v2	2	none	1
16:31:10	1790872270	v3	2	none	1
16:31:10	1790872270	v4	2	none	1
16:31:10	1790872270	v5	2	none	1
16:31:10	1790872270	v6	2	none	1
16:31:10	1790872270	v7	2	none	1
16:31:11	1790872272	bootstrap	2	none	1
16:31:11	1790872272	v1	2	none	1
16:31:11	1790872272	v2	2	none	1
16:31:11	1790872272	v3	2	none	1
16:31:11	1790872272	v4	2	none	1
16:31:11	1790872272	v5	2	none	1
16:31:11	1790872272	v6	2	none	1
16:31:11	1790872272	v7	2	none	1
16:31:13	1790872273	bootstrap	2	none	1
16:31:13	1790872273	v1	2	none	1
16:31:13	1790872273	v2	2	none	1
16:31:13	1790872273	v3	2	none	1
16:31:13	1790872273	v4	2	none	1
16:31:13	1790872273	v5	2	none	1
16:31:13	1790872273	v6	2	none	1
16:31:13	1790872273	v7	2	none	1
16:31:14	1790872275	bootstrap	2	none	1
16:31:14	1790872275	v1	2	none	1
16:31:14	1790872275	v2	2	none	1
16:31:14	1790872275	v3	2	none	1
16:31:14	1790872275	v4	2	none	1
16:31:14	1790872275	v5	2	none	1
16:31:14	1790872275	v6	2	none	1
16:31:14	1790872275	v7	2	none	1
