# first_seen_epoch	block_number	sender	deploy_count	parents	block_hash
1790868198	0	04f700a417754b775d95421973bdbdadb2d23c8a5af46f1829b1431f5c136e549e8a0d61aa0c793f1a614f8e437711c7758473c6ceb0859ac7e9e07911ca66b5c4	16	0	0a22d57911b6e60d3050989fb3f5eae73ec1300aee4baa65dbef2e2b403f5298
1790868319	1	04f700a417754b775d95421973bdbdadb2d23c8a5af46f1829b1431f5c136e549e8a0d61aa0c793f1a614f8e437711c7758473c6ceb0859ac7e9e07911ca66b5c4	1	1	c110bb2c98528b95e78ed1ac595f0efe05566179af1d0dd1d5aa434050734d2a
1790868319	1	04dbe32c2062240a4ba0bcad01d7edd98c78b51c77765d5e1e5e9fa3743d2f12a1f82f42cd7dc4f41445979117d790f23e9b3d08d0aa06d527c236172043e747fc	0	1	82a8d44f94628155c02098945aa58123d6c9efef1aa62dd0ec4a73f8ac8605fb
1790868319	2	04f700a417754b775d95421973bdbdadb2d23c8a5af46f1829b1431f5c136e549e8a0d61aa0c793f1a614f8e437711c7758473c6ceb0859ac7e9e07911ca66b5c4	0	2	8f8baeb893460206266dc667f064731f60c59ff9fad504c371e05a260cf642ba
1790868319	2	04dbe32c2062240a4ba0bcad01d7edd98c78b51c77765d5e1e5e9fa3743d2f12a1f82f42cd7dc4f41445979117d790f23e9b3d08d0aa06d527c236172043e747fc	0	2	d005f6b885fdb417f8a0a7a057288a8dd2b0e8a8107b21a08883c0c3ac33424a
1790868320	3	04f700a417754b775d95421973bdbdadb2d23c8a5af46f1829b1431f5c136e549e8a0d61aa0c793f1a614f8e437711c7758473c6ceb0859ac7e9e07911ca66b5c4	0	2	5afbdf6078542d47ad0d295207dc3233ae18d4dffd4de20e9c03f207b940b75c
1790868320	3	04dbe32c2062240a4ba0bcad01d7edd98c78b51c77765d5e1e5e9fa3743d2f12a1f82f42cd7dc4f41445979117d790f23e9b3d08d0aa06d527c236172043e747fc	0	2	2750b5b2c44581482d0c39c577020ef48411f005d10daf95948ae01427785c33
1790868321	4	04f700a417754b775d95421973bdbdadb2d23c8a5af46f1829b1431f5c136e549e8a0d61aa0c793f1a614f8e437711c7758473c6ceb0859ac7e9e07911ca66b5c4	0	2	1446e95673d32713919cd4781cde0b4817f65d31f7aba271c3ee6a102c35c3fe
1790868322	4	04dbe32c2062240a4ba0bcad01d7edd98c78b51c77765d5e1e5e9fa3743d2f12a1f82f42cd7dc4f41445979117d790f23e9b3d08d0aa06d527c236172043e747fc	0	2	a227b60746e6b43b345240559c7dcc88f693310572be4fc55c39c6fbbba5cd12
