# validators=3 nodes=bootstrap:40403,v1:41403,v2:42403
# cap=memory.max=4294967296 memory.swap.max=4294967296 (bytes)
# env=none
# container_cmd=[run --host devnet-bootstrap --api-host 0.0.0.0 --data-dir /var/lib/rnode --protocol-port 40400 --discovery-port 40404 --api-port-grpc-external 40401 --api-port-grpc-internal 40402 --api-port-http 40403 --api-port-admin-http 40405 --autopropose --propose-on-deploy --api-enable-devnet-cors --api-enable-devnet-admin-public --dev-mode --deployer-private-key a68a6e6cca30f81bd24a719f3145d20e8424bd7b396309b0708a16c7d8000b76 --epoch-length 10 -s --bonds-file /genesis/bonds.txt --wallets-file /genesis/wallets.txt --validator-private-key a68a6e6cca30f81bd24a719f3145d20e8424bd7b396309b0708a16c7d8000b76]
# blocks_read=/api/blocks/<depth>, depth=min(50, height) — the node's own max-blocks-limit; a failed read is recorded, never counted as zero blocks
# tree=cf39450458d0e45979841d7167328b7445e6b77c
# image=sha256:d7fd75fb7175a41ee16875cae03f0df5a811aecc7dc351d3d81884f2f449b7ca 2026-10-01T16:14:45.799544934+01:00
# container=11a94382982d0212d2686d99c854930520dfcf1e4a44827f0ed5c122f257ae20
# binary_sha256=fe0ab0ca47befbf296eb1002e615cfdb182f25ffe676b8280952f9f2cd2b4c39
utc	epoch	node	height	finalized	alive
16:31:31	1790872291	bootstrap	3	none	1
16:31:31	1790872291	v1	2	none	1
16:31:31	1790872291	v2	3	none	1
16:31:32	1790872292	bootstrap	4	none	1
16:31:32	1790872292	v1	4	none	1
16:31:32	1790872292	v2	4	none	1
16:31:33	1790872294	bootstrap	5	1	1
16:31:33	1790872294	v1	4	none	1
16:31:33	1790872294	v2	5	1	1
16:31:34	1790872295	bootstrap	5	1	1
16:31:34	1790872295	v1	5	1	1
16:31:34	1790872295	v2	5	1	1
16:31:35	1790872296	bootstrap	6	2	1
16:31:35	1790872296	v1	6	2	1
16:31:35	1790872296	v2	6	2	1
16:31:37	1790872297	bootstrap	7	3	1
16:31:37	1790872297	v1	6	2	1
16:31:37	1790872297	v2	7	3	1
16:31:38	1790872298	bootstrap	7	3	1
16:31:38	1790872298	v1	7	3	1
16:31:38	1790872298	v2	7	3	1
16:31:39	1790872300	bootstrap	8	4	1
16:31:39	1790872300	v1	8	4	1
16:31:39	1790872300	v2	8	4	1
16:31:40	1790872301	bootstrap	9	5	1
16:31:40	1790872301	v1	8	4	1
16:31:40	1790872301	v2	9	5	1
16:31:42	1790872302	bootstrap	9	5	1
16:31:42	1790872302	v1	9	5	1
16:31:42	1790872302	v2	9	5	1
16:31:43	1790872303	bootstrap	10	6	1
16:31:43	1790872303	v1	10	6	1
16:31:43	1790872303	v2	10	6	1
16:31:44	1790872304	bootstrap	11	7	1
16:31:44	1790872304	v1	10	6	1
16:31:44	1790872304	v2	11	7	1
16:31:45	1790872306	bootstrap	11	7	1
16:31:45	1790872306	v1	11	7	1
16:31:45	1790872306	v2	11	7	1
16:31:46	1790872307	bootstrap	12	8	1
16:31:46	1790872307	v1	12	8	1
16:31:46	1790872307	v2	12	8	1
16:31:47	1790872308	bootstrap	13	9	1
16:31:47	1790872308	v1	12	8	1
16:31:47	1790872308	v2	13	9	1
16:31:49	1790872309	bootstrap	13	9	1
16:31:49	1790872309	v1	13	9	1
16:31:49	1790872309	v2	13	9	1
16:31:50	1790872310	bootstrap	14	10	1
16:31:50	1790872310	v1	14	10	1
16:31:50	1790872310	v2	14	10	1
16:31:51	1790872312	bootstrap	15	11	1
16:31:51	1790872312	v1	14	11	1
16:31:51	1790872312	v2	15	11	1
16:31:52	1790872313	bootstrap	16	12	1
16:31:52	1790872313	v1	15	11	1
16:31:52	1790872313	v2	15	11	1
16:31:54	1790872314	bootstrap	16	12	1
16:31:54	1790872314	v1	16	12	1
16:31:54	1790872314	v2	16	12	1
16:31:55	1790872315	bootstrap	17	13	1
16:31:55	1790872315	v1	16	12	1
16:31:55	1790872315	v2	17	13	1
16:31:56	1790872316	bootstrap	18	14	1
16:31:56	1790872316	v1	18	14	1
16:31:56	1790872316	v2	17	13	1
16:31:57	1790872318	bootstrap	19	15	1
16:31:57	1790872318	v1	18	14	1
16:31:57	1790872318	v2	19	15	1
16:31:58	1790872319	bootstrap	19	15	1
16:31:58	1790872319	v1	19	15	1
16:31:58	1790872319	v2	19	15	1
16:32:00	1790872320	bootstrap	20	16	1
16:32:00	1790872320	v1	20	16	1
16:32:00	1790872320	v2	19	15	1
16:32:01	1790872321	bootstrap	20	16	1
16:32:01	1790872321	v1	20	16	1
16:32:01	1790872321	v2	20	16	1
16:32:02	1790872322	bootstrap	21	17	1
16:32:02	1790872322	v1	20	16	1
16:32:02	1790872322	v2	21	17	1
16:32:03	1790872324	bootstrap	21	17	1
16:32:03	1790872324	v1	21	17	1
16:32:03	1790872324	v2	21	17	1
16:32:04	1790872325	bootstrap	22	18	1
16:32:04	1790872325	v1	22	18	1
16:32:04	1790872325	v2	22	18	1
16:32:06	1790872326	bootstrap	22	18	1
16:32:06	1790872326	v1	22	18	1
16:32:06	1790872326	v2	22	18	1
16:32:07	1790872327	bootstrap	23	19	1
16:32:07	1790872327	v1	23	19	1
16:32:07	1790872327	v2	23	19	1
16:32:08	1790872328	bootstrap	24	20	1
16:32:08	1790872328	v1	24	20	1
16:32:08	1790872328	v2	23	19	1
16:32:09	1790872330	bootstrap	24	20	1
16:32:09	1790872330	v1	24	20	1
16:32:09	1790872330	v2	24	20	1
16:32:10	1790872331	bootstrap	25	21	1
16:32:10	1790872331	v1	24	20	1
16:32:10	1790872331	v2	25	21	1
16:32:12	1790872332	bootstrap	25	21	1
16:32:12	1790872332	v1	25	21	1
16:32:12	1790872332	v2	25	21	1
16:32:13	1790872333	bootstrap	26	22	1
16:32:13	1790872333	v1	26	22	1
16:32:13	1790872333	v2	25	21	1
16:32:14	1790872334	bootstrap	26	22	1
16:32:14	1790872334	v1	26	22	1
16:32:14	1790872334	v2	26	22	1
16:32:15	1790872336	bootstrap	27	23	1
16:32:15	1790872336	v1	27	23	1
16:32:15	1790872336	v2	27	23	1
16:32:16	1790872337	bootstrap	27	23	1
16:32:16	1790872337	v1	27	23	1
16:32:16	1790872337	v2	27	23	1
16:32:18	1790872338	bootstrap	28	24	1
16:32:18	1790872338	v1	28	24	1
16:32:18	1790872338	v2	28	24	1
16:32:19	1790872339	bootstrap	28	24	1
16:32:19	1790872339	v1	28	24	1
16:32:19	1790872339	v2	29	25	1
16:32:20	1790872341	bootstrap	29	25	1
16:32:20	1790872341	v1	29	25	1
16:32:20	1790872341	v2	29	25	1
16:32:21	1790872342	bootstrap	30	26	1
16:32:21	1790872342	v1	30	26	1
16:32:21	1790872342	v2	29	25	1
16:32:23	1790872343	bootstrap	30	26	1
16:32:23	1790872343	v1	30	26	1
16:32:23	1790872343	v2	30	26	1
16:32:24	1790872344	bootstrap	31	27	1
16:32:24	1790872344	v1	31	27	1
16:32:24	1790872344	v2	31	27	1
16:32:25	1790872345	bootstrap	31	27	1
16:32:25	1790872345	v1	31	27	1
16:32:25	1790872345	v2	31	27	1
16:32:26	1790872347	bootstrap	32	28	1
16:32:26	1790872347	v1	32	28	1
16:32:26	1790872347	v2	32	28	1
16:32:27	1790872348	bootstrap	33	29	1
16:32:27	1790872348	v1	32	28	1
16:32:27	1790872348	v2	33	29	1
16:32:29	1790872349	bootstrap	33	29	1
16:32:29	1790872349	v1	33	29	1
16:32:29	1790872349	v2	33	29	1
16:32:30	1790872350	bootstrap	34	30	1
16:32:30	1790872350	v1	34	30	1
16:32:30	1790872350	v2	34	30	1
16:32:31	1790872352	bootstrap	35	31	1
16:32:31	1790872352	v1	34	30	1
16:32:31	1790872352	v2	35	31	1
16:32:32	1790872353	bootstrap	35	31	1
16:32:32	1790872353	v1	35	31	1
16:32:32	1790872353	v2	35	31	1
16:32:34	1790872354	bootstrap	36	32	1
16:32:34	1790872354	v1	36	32	1
16:32:34	1790872354	v2	36	32	1
16:32:35	1790872355	bootstrap	37	33	1
16:32:35	1790872355	v1	36	32	1
16:32:35	1790872355	v2	37	33	1
16:32:36	1790872357	bootstrap	37	33	1
16:32:36	1790872357	v1	37	33	1
16:32:36	1790872357	v2	37	33	1
16:32:37	1790872358	bootstrap	38	34	1
16:32:37	1790872358	v1	38	34	1
16:32:37	1790872358	v2	38	34	1
16:32:39	1790872359	bootstrap	39	35	1
16:32:39	1790872359	v1	39	35	1
16:32:39	1790872359	v2	39	35	1
16:32:40	1790872360	bootstrap	40	36	1
16:32:40	1790872360	v1	40	36	1
16:32:40	1790872360	v2	40	36	1
16:32:41	1790872362	bootstrap	41	37	1
16:32:41	1790872362	v1	40	36	1
16:32:41	1790872362	v2	41	37	1
16:32:42	1790872363	bootstrap	42	38	1
16:32:42	1790872363	v1	42	38	1
16:32:42	1790872363	v2	41	37	1
16:32:44	1790872364	bootstrap	43	39	1
16:32:44	1790872364	v1	43	39	1
16:32:44	1790872364	v2	43	39	1
16:32:45	1790872365	bootstrap	45	41	1
16:32:45	1790872365	v1	44	40	1
16:32:45	1790872365	v2	45	41	1
16:32:46	1790872367	bootstrap	46	42	1
16:32:46	1790872367	v1	46	42	1
16:32:46	1790872367	v2	46	42	1
16:32:47	1790872368	bootstrap	47	43	1
16:32:47	1790872368	v1	47	44	1
16:32:47	1790872368	v2	47	43	1
16:32:49	1790872369	bootstrap	49	45	1
16:32:49	1790872369	v1	49	45	1
16:32:49	1790872369	v2	49	45	1
16:32:50	1790872370	bootstrap	50	46	1
16:32:50	1790872370	v1	50	46	1
16:32:50	1790872370	v2	50	46	1
16:32:51	1790872372	bootstrap	50	46	1
16:32:51	1790872372	v1	50	46	1
16:32:51	1790872372	v2	51	47	1
16:32:52	1790872373	bootstrap	52	48	1
16:32:52	1790872373	v1	52	48	1
16:32:52	1790872373	v2	51	47	1
16:32:54	1790872374	bootstrap	53	49	1
16:32:54	1790872374	v1	52	48	1
16:32:54	1790872374	v2	53	49	1
16:32:55	1790872375	bootstrap	53	49	1
16:32:55	1790872375	v1	53	49	1
16:32:55	1790872375	v2	53	49	1
16:32:56	1790872376	bootstrap	54	50	1
16:32:56	1790872376	v1	54	50	1
16:32:56	1790872376	v2	54	50	1
16:32:57	1790872378	bootstrap	55	51	1
16:32:57	1790872378	v1	55	51	1
16:32:57	1790872378	v2	55	51	1
16:32:59	1790872379	bootstrap	56	52	1
16:32:59	1790872379	v1	56	52	1
16:32:59	1790872379	v2	57	53	1
16:33:00	1790872380	bootstrap	58	54	1
16:33:00	1790872380	v1	58	54	1
16:33:00	1790872380	v2	58	54	1
16:33:01	1790872382	bootstrap	59	55	1
16:33:01	1790872382	v1	59	55	1
16:33:01	1790872382	v2	59	55	1
16:33:02	1790872383	bootstrap	61	57	1
16:33:02	1790872383	v1	61	57	1
16:33:02	1790872383	v2	61	57	1
16:33:04	1790872384	bootstrap	62	58	1
16:33:04	1790872384	v1	62	58	1
16:33:04	1790872384	v2	62	58	1
16:33:05	1790872385	bootstrap	64	60	1
16:33:05	1790872385	v1	64	60	1
16:33:05	1790872385	v2	63	59	1
16:33:06	1790872387	bootstrap	64	60	1
16:33:06	1790872387	v1	64	60	1
16:33:06	1790872387	v2	64	60	1
16:33:07	1790872388	bootstrap	65	62	1
16:33:07	1790872388	v1	65	61	1
16:33:07	1790872388	v2	65	61	1
16:33:09	1790872389	bootstrap	67	63	1
16:33:09	1790872389	v1	67	63	1
16:33:09	1790872389	v2	67	63	1
16:33:10	1790872390	bootstrap	69	65	1
16:33:10	1790872390	v1	68	64	1
16:33:10	1790872390	v2	69	65	1
16:33:11	1790872391	bootstrap	70	66	1
16:33:11	1790872391	v1	70	66	1
16:33:11	1790872391	v2	70	66	1
16:33:12	1790872393	bootstrap	72	68	1
16:33:12	1790872393	v1	72	68	1
16:33:12	1790872393	v2	72	68	1
16:33:13	1790872394	bootstrap	73	69	1
16:33:13	1790872394	v1	73	69	1
16:33:13	1790872394	v2	73	69	1
16:33:15	1790872395	bootstrap	74	70	1
16:33:15	1790872395	v1	74	70	1
16:33:15	1790872395	v2	75	71	1
16:33:16	1790872396	bootstrap	76	72	1
16:33:16	1790872396	v1	76	72	1
16:33:16	1790872396	v2	76	72	1
16:33:17	1790872398	bootstrap	77	73	1
16:33:17	1790872398	v1	78	74	1
16:33:17	1790872398	v2	77	73	1
16:33:18	1790872399	bootstrap	79	75	1
16:33:18	1790872399	v1	79	75	1
16:33:18	1790872399	v2	79	75	1
16:33:20	1790872400	bootstrap	80	76	1
16:33:20	1790872400	v1	80	76	1
16:33:20	1790872400	v2	79	75	1
16:33:21	1790872401	bootstrap	81	77	1
16:33:21	1790872401	v1	80	77	1
16:33:21	1790872401	v2	81	77	1
16:33:22	1790872403	bootstrap	82	78	1
16:33:22	1790872403	v1	82	78	1
16:33:22	1790872403	v2	83	79	1
16:33:23	1790872404	bootstrap	84	80	1
16:33:23	1790872404	v1	84	80	1
16:33:23	1790872404	v2	84	80	1
16:33:25	1790872405	bootstrap	84	80	1
16:33:25	1790872405	v1	84	80	1
16:33:25	1790872405	v2	85	81	1
16:33:26	1790872406	bootstrap	85	81	1
16:33:26	1790872406	v1	85	81	1
16:33:26	1790872406	v2	85	81	1
16:33:27	1790872408	bootstrap	86	82	1
16:33:27	1790872408	v1	86	82	1
16:33:27	1790872408	v2	87	83	1
16:33:28	1790872409	bootstrap	88	84	1
16:33:28	1790872409	v1	88	84	1
16:33:28	1790872409	v2	88	84	1
16:33:30	1790872410	bootstrap	90	86	1
16:33:30	1790872410	v1	90	86	1
16:33:30	1790872410	v2	89	85	1
16:33:31	1790872411	bootstrap	91	87	1
16:33:31	1790872411	v1	91	87	1
16:33:31	1790872411	v2	91	87	1
16:33:32	1790872413	bootstrap	93	89	1
16:33:32	1790872413	v1	92	88	1
16:33:32	1790872413	v2	93	89	1
16:33:33	1790872414	bootstrap	94	90	1
16:33:33	1790872414	v1	94	90	1
16:33:33	1790872414	v2	94	90	1
16:33:35	1790872415	bootstrap	96	92	1
16:33:35	1790872415	v1	96	92	1
16:33:35	1790872415	v2	95	91	1
16:33:36	1790872416	bootstrap	97	93	1
16:33:36	1790872416	v1	97	93	1
16:33:36	1790872416	v2	97	93	1
16:33:37	1790872418	bootstrap	99	95	1
16:33:37	1790872418	v1	98	94	1
16:33:37	1790872418	v2	99	95	1
16:33:38	1790872419	bootstrap	100	96	1
16:33:38	1790872419	v1	100	96	1
16:33:38	1790872419	v2	100	96	1
16:33:40	1790872420	bootstrap	102	98	1
16:33:40	1790872420	v1	102	98	1
16:33:40	1790872420	v2	101	98	1
16:33:41	1790872421	bootstrap	103	99	1
16:33:41	1790872421	v1	103	99	1
16:33:41	1790872421	v2	103	99	1
16:33:42	1790872423	bootstrap	105	101	1
16:33:42	1790872423	v1	105	101	1
16:33:42	1790872423	v2	105	101	1
16:33:43	1790872424	bootstrap	106	102	1
16:33:43	1790872424	v1	106	102	1
16:33:43	1790872424	v2	107	103	1
16:33:45	1790872425	bootstrap	108	104	1
16:33:45	1790872425	v1	108	104	1
16:33:45	1790872425	v2	108	104	1
16:33:46	1790872426	bootstrap	109	105	1
16:33:46	1790872426	v1	110	106	1
16:33:46	1790872426	v2	109	105	1
16:33:47	1790872428	bootstrap	111	107	1
16:33:47	1790872428	v1	110	106	1
16:33:47	1790872428	v2	111	107	1
16:33:48	1790872429	bootstrap	112	108	1
16:33:48	1790872429	v1	112	108	1
16:33:48	1790872429	v2	111	107	1
16:33:50	1790872430	bootstrap	113	109	1
16:33:50	1790872430	v1	113	109	1
16:33:50	1790872430	v2	113	109	1
16:33:51	1790872431	bootstrap	115	111	1
16:33:51	1790872431	v1	114	110	1
16:33:51	1790872431	v2	115	111	1
16:33:52	1790872433	bootstrap	116	112	1
16:33:52	1790872433	v1	116	112	1
16:33:52	1790872433	v2	116	112	1
16:33:53	1790872434	bootstrap	118	114	1
16:33:53	1790872434	v1	118	114	1
16:33:53	1790872434	v2	117	113	1
16:33:55	1790872435	bootstrap	119	115	1
16:33:55	1790872435	v1	119	115	1
16:33:55	1790872435	v2	119	115	1
16:33:56	1790872436	bootstrap	121	117	1
16:33:56	1790872436	v1	120	116	1
16:33:56	1790872436	v2	121	117	1
16:33:57	1790872438	bootstrap	122	118	1
16:33:57	1790872438	v1	122	118	1
16:33:57	1790872438	v2	122	118	1
16:33:58	1790872439	bootstrap	124	120	1
16:33:58	1790872439	v1	124	120	1
16:33:58	1790872439	v2	124	120	1
16:34:00	1790872440	bootstrap	125	121	1
16:34:00	1790872440	v1	125	121	1
16:34:00	1790872440	v2	125	121	1
16:34:01	1790872441	bootstrap	127	123	1
16:34:01	1790872441	v1	127	123	1
16:34:01	1790872441	v2	127	123	1
16:34:02	1790872443	bootstrap	128	124	1
16:34:02	1790872443	v1	128	124	1
16:34:02	1790872443	v2	129	125	1
16:34:03	1790872444	bootstrap	130	126	1
16:34:03	1790872444	v1	130	126	1
16:34:03	1790872444	v2	130	126	1
16:34:05	1790872445	bootstrap	132	128	1
16:34:05	1790872445	v1	132	128	1
16:34:05	1790872445	v2	131	127	1
16:34:06	1790872446	bootstrap	133	129	1
16:34:06	1790872446	v1	133	129	1
16:34:06	1790872446	v2	133	129	1
16:34:07	1790872448	bootstrap	135	131	1
16:34:07	1790872448	v1	134	130	1
16:34:07	1790872448	v2	135	131	1
16:34:08	1790872449	bootstrap	136	132	1
16:34:08	1790872449	v1	136	132	1
16:34:08	1790872449	v2	136	132	1
16:34:10	1790872450	bootstrap	138	134	1
16:34:10	1790872450	v1	138	134	1
16:34:10	1790872450	v2	138	134	1
16:34:11	1790872451	bootstrap	139	135	1
16:34:11	1790872451	v1	139	135	1
16:34:11	1790872451	v2	139	135	1
16:34:12	1790872453	bootstrap	141	137	1
16:34:12	1790872453	v1	141	137	1
16:34:12	1790872453	v2	141	137	1
16:34:13	1790872454	bootstrap	142	138	1
16:34:13	1790872454	v1	142	138	1
16:34:13	1790872454	v2	142	138	1
16:34:15	1790872455	bootstrap	143	139	1
16:34:15	1790872455	v1	143	139	1
16:34:15	1790872455	v2	143	139	1
16:34:16	1790872456	bootstrap	144	140	1
16:34:16	1790872456	v1	144	140	1
16:34:16	1790872456	v2	144	140	1
16:34:17	1790872458	bootstrap	145	141	1
16:34:17	1790872458	v1	145	141	1
16:34:17	1790872458	v2	145	141	1
16:34:18	1790872459	bootstrap	147	143	1
16:34:18	1790872459	v1	147	143	1
16:34:18	1790872459	v2	147	143	1
16:34:20	1790872460	bootstrap	148	144	1
16:34:20	1790872460	v1	148	144	1
16:34:20	1790872460	v2	148	144	1
16:34:21	1790872461	bootstrap	150	146	1
16:34:21	1790872461	v1	150	146	1
16:34:21	1790872461	v2	149	145	1
16:34:22	1790872463	bootstrap	151	147	1
16:34:22	1790872463	v1	151	147	1
16:34:22	1790872463	v2	151	147	1
16:34:23	1790872464	bootstrap	152	148	1
16:34:23	1790872464	v1	152	148	1
16:34:23	1790872464	v2	152	148	1
16:34:25	1790872465	bootstrap	153	149	1
16:34:25	1790872465	v1	153	149	1
16:34:25	1790872465	v2	153	149	1
16:34:26	1790872466	bootstrap	154	150	1
16:34:26	1790872466	v1	154	150	1
16:34:26	1790872466	v2	154	150	1
16:34:27	1790872468	bootstrap	155	151	1
16:34:27	1790872468	v1	155	151	1
16:34:27	1790872468	v2	155	151	1
16:34:28	1790872469	bootstrap	156	152	1
16:34:28	1790872469	v1	156	152	1
16:34:28	1790872469	v2	156	152	1
16:34:30	1790872470	bootstrap	157	153	1
16:34:30	1790872470	v1	157	153	1
16:34:30	1790872470	v2	157	153	1
16:34:31	1790872471	bootstrap	159	155	1
16:34:31	1790872471	v1	159	155	1
16:34:31	1790872471	v2	159	155	1
16:34:32	1790872473	bootstrap	161	157	1
16:34:32	1790872473	v1	160	156	1
16:34:32	1790872473	v2	161	157	1
16:34:33	1790872474	bootstrap	162	158	1
16:34:33	1790872474	v1	162	158	1
16:34:33	1790872474	v2	162	158	1
16:34:35	1790872475	bootstrap	164	160	1
16:34:35	1790872475	v1	164	160	1
16:34:35	1790872475	v2	164	160	1
16:34:36	1790872476	bootstrap	165	161	1
16:34:36	1790872476	v1	165	161	1
16:34:36	1790872476	v2	165	161	1
16:34:37	1790872478	bootstrap	167	163	1
16:34:37	1790872478	v1	167	163	1
16:34:37	1790872478	v2	167	163	1
16:34:38	1790872479	bootstrap	168	164	1
16:34:38	1790872479	v1	168	164	1
16:34:38	1790872479	v2	168	164	1
16:34:40	1790872480	bootstrap	169	165	1
16:34:40	1790872480	v1	169	165	1
16:34:40	1790872480	v2	169	165	1
16:34:41	1790872481	bootstrap	170	166	1
16:34:41	1790872481	v1	170	166	1
16:34:41	1790872481	v2	170	166	1
16:34:42	1790872482	bootstrap	171	167	1
16:34:42	1790872482	v1	171	167	1
16:34:42	1790872482	v2	171	167	1
16:34:43	1790872484	bootstrap	172	168	1
16:34:43	1790872484	v1	172	168	1
16:34:43	1790872484	v2	173	169	1
16:34:44	1790872485	bootstrap	174	170	1
16:34:44	1790872485	v1	174	170	1
16:34:44	1790872485	v2	174	170	1
16:34:46	1790872486	bootstrap	175	171	1
16:34:46	1790872486	v1	175	171	1
16:34:46	1790872486	v2	175	171	1
16:34:47	1790872488	bootstrap	177	173	1
16:34:47	1790872488	v1	177	173	1
16:34:47	1790872488	v2	177	173	1
16:34:48	1790872489	bootstrap	178	174	1
16:34:48	1790872489	v1	178	174	1
16:34:48	1790872489	v2	179	175	1
16:34:49	1790872490	bootstrap	180	176	1
16:34:49	1790872490	v1	180	176	1
16:34:49	1790872490	v2	180	176	1
16:34:51	1790872491	bootstrap	181	177	1
16:34:51	1790872491	v1	182	178	1
16:34:51	1790872491	v2	181	177	1
16:34:52	1790872492	bootstrap	183	179	1
16:34:52	1790872492	v1	183	179	1
16:34:52	1790872492	v2	183	179	1
16:34:53	1790872494	bootstrap	185	181	1
16:34:53	1790872494	v1	184	180	1
16:34:53	1790872494	v2	185	181	1
16:34:54	1790872495	bootstrap	186	182	1
16:34:54	1790872495	v1	186	182	1
16:34:54	1790872495	v2	186	182	1
16:34:56	1790872496	bootstrap	187	183	1
16:34:56	1790872496	v1	187	183	1
16:34:56	1790872496	v2	187	183	1
16:34:57	1790872497	bootstrap	188	184	1
16:34:57	1790872497	v1	188	184	1
16:34:57	1790872497	v2	189	185	1
16:34:58	1790872499	bootstrap	190	186	1
16:34:58	1790872499	v1	190	186	1
16:34:58	1790872499	v2	189	185	1
16:34:59	1790872500	bootstrap	190	186	1
16:34:59	1790872500	v1	190	186	1
16:34:59	1790872500	v2	191	187	1
16:35:01	1790872501	bootstrap	192	188	1
16:35:01	1790872501	v1	192	188	1
16:35:01	1790872501	v2	191	187	1
16:35:02	1790872503	bootstrap	192	188	1
16:35:02	1790872503	v1	192	188	1
16:35:02	1790872503	v2	192	188	1
16:35:03	1790872504	bootstrap	194	190	1
16:35:03	1790872504	v1	194	190	1
16:35:03	1790872504	v2	193	189	1
16:35:05	1790872505	bootstrap	195	191	1
16:35:05	1790872505	v1	195	191	1
16:35:05	1790872505	v2	195	191	1
16:35:06	1790872506	bootstrap	196	192	1
16:35:06	1790872506	v1	196	192	1
16:35:06	1790872506	v2	197	193	1
16:35:07	1790872507	bootstrap	198	194	1
16:35:07	1790872507	v1	198	194	1
16:35:07	1790872507	v2	198	194	1
16:35:08	1790872509	bootstrap	199	195	1
16:35:08	1790872509	v1	199	195	1
16:35:08	1790872509	v2	199	195	1
16:35:09	1790872510	bootstrap	201	197	1
16:35:09	1790872510	v1	200	196	1
16:35:09	1790872510	v2	201	197	1
16:35:11	1790872511	bootstrap	202	198	1
16:35:11	1790872511	v1	202	198	1
16:35:11	1790872511	v2	202	198	1
16:35:12	1790872512	bootstrap	202	198	1
16:35:12	1790872512	v1	202	198	1
16:35:12	1790872512	v2	203	199	1
16:35:13	1790872514	bootstrap	204	200	1
16:35:13	1790872514	v1	204	200	1
16:35:13	1790872514	v2	204	200	1
16:35:15	1790872515	bootstrap	205	202	1
16:35:15	1790872515	v1	205	201	1
16:35:15	1790872515	v2	205	201	1
16:35:16	1790872516	bootstrap	207	203	1
16:35:16	1790872516	v1	207	203	1
16:35:16	1790872516	v2	207	203	1
16:35:17	1790872518	bootstrap	209	205	1
16:35:17	1790872518	v1	208	204	1
16:35:17	1790872518	v2	209	205	1
16:35:18	1790872519	bootstrap	210	206	1
16:35:18	1790872519	v1	210	206	1
16:35:18	1790872519	v2	210	206	1
16:35:19	1790872520	bootstrap	212	208	1
16:35:19	1790872520	v1	211	208	1
16:35:19	1790872520	v2	211	207	1
16:35:21	1790872521	bootstrap	213	209	1
16:35:21	1790872521	v1	213	209	1
16:35:21	1790872521	v2	213	209	1
16:35:22	1790872523	bootstrap	214	210	1
16:35:22	1790872523	v1	214	210	1
16:35:22	1790872523	v2	215	211	1
16:35:23	1790872524	bootstrap	216	212	1
16:35:23	1790872524	v1	216	212	1
16:35:23	1790872524	v2	216	212	1
16:35:25	1790872525	bootstrap	217	213	1
16:35:25	1790872525	v1	218	214	1
16:35:25	1790872525	v2	217	213	1
16:35:26	1790872526	bootstrap	219	215	1
16:35:26	1790872526	v1	219	215	1
16:35:26	1790872526	v2	219	215	1
16:35:27	1790872528	bootstrap	220	216	1
16:35:27	1790872528	v1	220	216	1
16:35:27	1790872528	v2	220	216	1
16:35:28	1790872529	bootstrap	221	217	1
16:35:28	1790872529	v1	221	217	1
16:35:28	1790872529	v2	221	217	1
16:35:30	1790872530	bootstrap	223	219	1
16:35:30	1790872530	v1	222	218	1
16:35:30	1790872530	v2	223	219	1
16:35:31	1790872531	bootstrap	224	220	1
16:35:31	1790872531	v1	224	220	1
16:35:31	1790872531	v2	225	221	1
16:35:32	1790872533	bootstrap	226	222	1
16:35:32	1790872533	v1	226	222	1
16:35:32	1790872533	v2	226	222	1
16:35:33	1790872534	bootstrap	227	223	1
16:35:33	1790872534	v1	227	223	1
16:35:33	1790872534	v2	227	223	1
16:35:35	1790872535	bootstrap	229	225	1
16:35:35	1790872535	v1	229	225	1
16:35:35	1790872535	v2	229	225	1
16:35:36	1790872536	bootstrap	230	226	1
16:35:36	1790872536	v1	230	226	1
16:35:36	1790872536	v2	231	227	1
16:35:37	1790872538	bootstrap	231	227	1
16:35:37	1790872538	v1	231	227	1
16:35:37	1790872538	v2	231	227	1
16:35:38	1790872539	bootstrap	233	229	1
16:35:38	1790872539	v1	233	229	1
16:35:38	1790872539	v2	233	229	1
16:35:40	1790872540	bootstrap	234	230	1
16:35:40	1790872540	v1	234	230	1
16:35:40	1790872540	v2	234	230	1
16:35:41	1790872541	bootstrap	236	232	1
16:35:41	1790872541	v1	236	232	1
16:35:41	1790872541	v2	236	232	1
16:35:42	1790872543	bootstrap	237	233	1
16:35:42	1790872543	v1	237	233	1
16:35:42	1790872543	v2	237	233	1
16:35:43	1790872544	bootstrap	238	234	1
16:35:43	1790872544	v1	238	234	1
16:35:43	1790872544	v2	239	235	1
16:35:45	1790872545	bootstrap	240	236	1
16:35:45	1790872545	v1	240	236	1
16:35:45	1790872545	v2	240	236	1
16:35:46	1790872546	bootstrap	241	237	1
16:35:46	1790872546	v1	241	237	1
16:35:46	1790872546	v2	241	237	1
16:35:47	1790872548	bootstrap	243	239	1
16:35:47	1790872548	v1	243	239	1
16:35:47	1790872548	v2	243	239	1
16:35:48	1790872549	bootstrap	244	240	1
16:35:48	1790872549	v1	243	239	1
16:35:48	1790872549	v2	243	239	1
16:35:50	1790872550	bootstrap	245	241	1
16:35:50	1790872550	v1	245	241	1
16:35:50	1790872550	v2	245	241	1
16:35:51	1790872551	bootstrap	246	242	1
16:35:51	1790872551	v1	246	242	1
16:35:51	1790872551	v2	246	242	1
16:35:52	1790872553	bootstrap	248	244	1
16:35:52	1790872553	v1	248	244	1
16:35:52	1790872553	v2	248	244	1
16:35:53	1790872554	bootstrap	249	245	1
16:35:53	1790872554	v1	249	245	1
16:35:53	1790872554	v2	249	245	1
16:35:55	1790872555	bootstrap	251	247	1
16:35:55	1790872555	v1	251	247	1
16:35:55	1790872555	v2	251	247	1
16:35:56	1790872556	bootstrap	252	248	1
16:35:56	1790872556	v1	252	248	1
16:35:56	1790872556	v2	252	248	1
16:35:57	1790872558	bootstrap	254	250	1
16:35:57	1790872558	v1	254	250	1
16:35:57	1790872558	v2	254	250	1
16:35:58	1790872559	bootstrap	255	251	1
16:35:58	1790872559	v1	255	251	1
16:35:58	1790872559	v2	255	251	1
16:36:00	1790872560	bootstrap	257	253	1
16:36:00	1790872560	v1	257	253	1
16:36:00	1790872560	v2	257	253	1
16:36:01	1790872561	bootstrap	258	254	1
16:36:01	1790872561	v1	258	254	1
16:36:01	1790872561	v2	258	254	1
16:36:02	1790872563	bootstrap	259	255	1
16:36:02	1790872563	v1	259	255	1
16:36:02	1790872563	v2	259	255	1
16:36:03	1790872564	bootstrap	260	257	1
16:36:03	1790872564	v1	260	256	1
16:36:03	1790872564	v2	261	257	1
16:36:05	1790872565	bootstrap	262	258	1
16:36:05	1790872565	v1	262	258	1
16:36:05	1790872565	v2	262	258	1
16:36:06	1790872566	bootstrap	262	258	1
16:36:06	1790872566	v1	262	258	1
16:36:06	1790872566	v2	263	259	1
16:36:07	1790872568	bootstrap	263	259	1
16:36:07	1790872568	v1	263	259	1
16:36:07	1790872568	v2	263	259	1
16:36:08	1790872569	bootstrap	265	261	1
16:36:08	1790872569	v1	265	261	1
16:36:08	1790872569	v2	265	261	1
16:36:10	1790872570	bootstrap	266	262	1
16:36:10	1790872570	v1	266	262	1
16:36:10	1790872570	v2	266	262	1
16:36:11	1790872571	bootstrap	268	264	1
16:36:11	1790872571	v1	268	264	1
16:36:11	1790872571	v2	267	263	1
16:36:12	1790872573	bootstrap	269	265	1
16:36:12	1790872573	v1	268	264	1
16:36:12	1790872573	v2	269	265	1
16:36:13	1790872574	bootstrap	269	265	1
16:36:13	1790872574	v1	269	265	1
16:36:13	1790872574	v2	269	265	1
16:36:15	1790872575	bootstrap	271	267	1
16:36:15	1790872575	v1	271	267	1
16:36:15	1790872575	v2	271	267	1
16:36:16	1790872576	bootstrap	272	268	1
16:36:16	1790872576	v1	272	268	1
16:36:16	1790872576	v2	272	268	1
16:36:17	1790872578	bootstrap	274	270	1
16:36:17	1790872578	v1	274	270	1
16:36:17	1790872578	v2	273	269	1
16:36:18	1790872579	bootstrap	274	270	1
16:36:18	1790872579	v1	274	270	1
16:36:18	1790872579	v2	274	270	1
16:36:20	1790872580	bootstrap	275	271	1
16:36:20	1790872580	v1	275	271	1
16:36:20	1790872580	v2	275	271	1
16:36:21	1790872581	bootstrap	277	273	1
16:36:21	1790872581	v1	277	273	1
16:36:21	1790872581	v2	277	273	1
16:36:22	1790872583	bootstrap	278	274	1
16:36:22	1790872583	v1	278	274	1
16:36:22	1790872583	v2	279	275	1
16:36:23	1790872584	bootstrap	280	276	1
16:36:23	1790872584	v1	280	276	1
16:36:23	1790872584	v2	280	276	1
16:36:25	1790872585	bootstrap	281	277	1
16:36:25	1790872585	v1	281	277	1
16:36:25	1790872585	v2	281	277	1
16:36:26	1790872586	bootstrap	282	278	1
16:36:26	1790872586	v1	282	278	1
16:36:26	1790872586	v2	282	278	1
16:36:27	1790872588	bootstrap	284	280	1
16:36:27	1790872588	v1	283	279	1
16:36:27	1790872588	v2	283	279	1
16:36:28	1790872589	bootstrap	285	281	1
16:36:28	1790872589	v1	285	281	1
16:36:28	1790872589	v2	285	281	1
16:36:30	1790872590	bootstrap	286	282	1
16:36:30	1790872590	v1	286	282	1
16:36:30	1790872590	v2	287	283	1
